Date,Year,Month,country_code,region_code,area_km2,NDVI_d,dewpoint_temperature_2m_d,humidity_d,max_temperature_2m_d,min_temperature_2m_d,surface_pressure_d,temperature_2m_d,total_precipitation_d,u_component_of_wind_10m_d,v_component_of_wind_10m_d,max_elevation_d,mean_elevation_d,min_elevation_d,stdDev_elevation_d,variance_elevation_d,Forest_Cover_Percent
2015-01-01,2015,1,AR,AR-W,89507.068,0.6427763287310587,295.8000291630739,85.49939848907398,302.8594645680131,293.0007884299776,99544.86922681444,298.46566972383056,20.032340149021135,-0.050305378819151286,-0.8371022531303391,239,67.54401414194024,6,17.8565200009947,318.8553065459237,43.401
2015-01-02,2015,1,AR,AR-W,89507.068,0.6427763287310587,287.53223941243584,68.63580548867995,298.79564101827555,289.3997839338431,100559.23547191452,293.74491999866825,0.1441462482793965,-0.3541008619507661,4.492903286171556,239,67.54401414194024,6,17.8565200009947,318.8553065459237,43.401
2015-01-03,2015,1,AR,AR-W,89507.068,0.6427763287310587,289.05088656165424,66.56671467659679,301.90614015067524,290.52326008678347,100758.81263456221,295.9926061374796,0.0038165490415644,-1.959341287011098,0.9970831216289212,239,67.54401414194024,6,17.8565200009947,318.8553065459237,43.401
2015-01-04,2015,1,AR,AR-W,89507.068,0.6427763287310587,291.12711455169625,65.64082126003761,304.36792357774925,291.8040582963064,100687.55754834034,298.4800024755906,0.004900486459679556,-1.2715568240527733,1.0708101143027613,239,67.54401414194024,6,17.8565200009947,318.8553065459237,43.401
2015-01-05,2015,1,AR,AR-W,89507.068,0.6427763287310587,294.21309523251944,69.09282896484862,306.5021548560335,294.6315041573942,100434.65464105281,300.61020529218484,0.7101906060209131,-1.8881589183156275,-1.2164291797238214,239,67.54401414194024,6,17.8565200009947,318.8553065459237,43.401
2015-01-06,2015,1,AR,AR-W,89507.068,0.6427763287310587,297.5552047001762,73.00823023242008,308.74406153431994,298.82431938713785,100166.87817033353,303.23402993223215,0.3828667337254644,-1.2985759480744234,-3.6184722098331648,239,67.54401414194024,6,17.8565200009947,318.8553065459237,43.401
2015-01-07,2015,1,AR,AR-W,89507.068,0.6427763287310587,295.7632941155236,82.43540843847317,302.7967430151448,296.288559770162,100118.7931640973,299.07787260782936,20.69463934438915,-1.2902680444118773,-0.2190170653244923,239,67.54401414194024,6,17.8565200009947,318.8553065459237,43.401
2015-01-08,2015,1,AR,AR-W,89507.068,0.6427763287310587,296.6366466402816,88.27207707853674,302.60120554203104,296.6356553953773,100245.51402950904,298.79090331878984,10.780319217724399,-1.4028621268200177,-1.094821859496063,239,67.54401414194024,6,17.8565200009947,318.8553065459237,43.401
2015-01-09,2015,1,AR,AR-W,89507.068,0.6427763287310587,297.2542683709621,82.60113966994871,305.0271669657316,297.6116723263781,100130.97308360117,300.6273001312691,12.99145034726331,0.2921289117823764,-3.0608340287467684,239,67.54401414194024,6,17.8565200009947,318.8553065459237,43.401
2015-01-10,2015,1,AR,AR-W,89507.068,0.6427763287310587,297.49471202165415,79.7735238482075,305.16589696043246,298.0909047229574,100214.61320538464,301.48116372861716,6.150129066227123,-1.394689672739118,-1.683826338484075,239,67.54401414194024,6,17.8565200009947,318.8553065459237,43.401
2015-01-11,2015,1,AR,AR-W,89507.068,0.6427763287310587,295.6323266774476,82.37870537965328,303.42797788667673,296.3107384912062,100249.18382180981,298.98179151581814,17.639513217066135,0.50041984801824,-1.9227210993755135,239,67.54401414194024,6,17.8565200009947,318.8553065459237,43.401
2015-01-12,2015,1,AR,AR-W,89507.068,0.6427763287310587,296.061200227039,79.70662112975332,306.2762103202246,294.7045876560255,100283.3564471105,300.1286851402954,2.452494115785251,-0.8500253515933032,-1.1454918869120736,239,67.54401414194024,6,17.8565200009947,318.8553065459237,43.401
2015-01-13,2015,1,AR,AR-W,89507.068,0.6427763287310587,297.19076949802263,73.97383538483537,307.4505503002478,298.818433936166,100018.62868074217,302.59491402257333,4.356327699411605,-1.00498973977228,-3.599912000982553,239,67.54401414194024,6,17.8565200009947,318.8553065459237,43.401
2015-01-14,2015,1,AR,AR-W,89507.068,0.6427763287310587,295.987853647744,83.66035277522946,302.1644637525919,296.9713238197685,100210.76821439569,299.048150647272,14.152550080399436,-0.9675379607159602,-0.4934225940813773,239,67.54401414194024,6,17.8565200009947,318.8553065459237,43.401
2015-01-15,2015,1,AR,AR-W,89507.068,0.6427763287310587,295.6825197775728,86.18500269468159,301.22666903511265,295.76307138813524,100700.7799800105,298.2333379723845,7.03093256519984,-2.205334832650321,0.3141761165320347,239,67.54401414194024,6,17.8565200009947,318.8553065459237,43.401
2015-01-16,2015,1,AR,AR-W,89507.068,0.6427763287310587,296.08453117198866,85.5662225247825,303.05916323443444,296.02639636924295,100507.98472091781,298.77016787781884,9.23830843524649,-1.7528665720506666,-0.6757268867706033,239,67.54401414194024,6,17.8565200009947,318.8553065459237,43.401
2015-01-17,2015,1,AR,AR-W,89507.068,0.6427763287310587,296.3717586795782,79.84469257863356,305.8633612850085,296.1511137775934,100350.69061697264,300.46631762740253,6.829532784299578,-0.6679984515625169,0.947914161487671,239,67.54401414194024,6,17.8565200009947,318.8553065459237,43.401
2015-01-18,2015,1,AR,AR-W,89507.068,0.6427763287310587,296.3237437736309,79.38131825767455,305.47247556516584,296.0935709355681,100389.40455706735,300.41859997103995,3.4142997624352454,-1.1592680464115976,-0.5209063599761563,239,67.54401414194024,6,17.8565200009947,318.8553065459237,43.401
2015-01-19,2015,1,AR,AR-W,89507.068,0.6427763287310587,296.57582449172423,78.55257453324744,307.2799337384478,296.43382984570775,100343.91581180952,300.90164187923483,4.669599600575808,-0.5350353554623648,-2.182587544351078,239,67.54401414194024,6,17.8565200009947,318.8553065459237,43.401
2015-01-20,2015,1,AR,AR-W,89507.068,0.6427763287310587,294.3470275646902,86.80699238832474,300.1504043086999,293.6499070128288,100651.07420482971,296.7519926988873,17.278003022946727,-1.3615878267099089,3.6256652079292944,239,67.54401414194024,6,17.8565200009947,318.8553065459237,43.401
2015-01-21,2015,1,AR,AR-W,89507.068,0.6427763287310587,292.20899726481144,73.92508531283036,302.1661115722148,293.5297099887922,100960.4474098154,297.44766527531493,0.06572346033712863,-2.9968750114331026,2.9844651700460956,239,67.54401414194024,6,17.8565200009947,318.8553065459237,43.401
2015-01-22,2015,1,AR,AR-W,89507.068,0.6427763287310587,291.83163862233494,70.30090925478528,303.01454978417684,292.6364957199191,100865.03145439542,297.8197021448123,0.04706759502339166,-3.858264073981746,1.0921616018964113,239,67.54401414194024,6,17.8565200009947,318.8553065459237,43.401
2015-01-23,2015,1,AR,AR-W,89507.068,0.6427763287310587,293.1328667227598,70.09495376258413,305.09339498687655,293.57392844059484,100574.46142470819,299.2029604077188,0.43509121813433604,-2.4080028742164163,0.3524387165905814,239,67.54401414194024,6,17.8565200009947,318.8553065459237,43.401
2015-01-24,2015,1,AR,AR-W,89507.068,0.6427763287310587,296.01727791464634,76.79139618902151,306.33856264429176,296.2049695770722,100242.50108717039,300.7355979760382,5.54269135522339,-0.8516738321212866,0.22412045039096032,239,67.54401414194024,6,17.8565200009947,318.8553065459237,43.401
2015-01-25,2015,1,AR,AR-W,89507.068,0.6427763287310587,295.2537601980947,74.41568433320124,306.23190551402536,295.2097727460702,100181.155540068,300.68399547022494,0.5986814395135536,0.21430203557576533,-0.4143676783011365,239,67.54401414194024,6,17.8565200009947,318.8553065459237,43.401
2015-01-26,2015,1,AR,AR-W,89507.068,0.6427763287310587,295.8041252339685,72.31370292481017,306.95007710378394,296.717573286087,100136.23142646218,301.64944030975585,0.5014128759883925,-0.6094080384393895,-2.1398549739203028,239,67.54401414194024,6,17.8565200009947,318.8553065459237,43.401
2015-01-27,2015,1,AR,AR-W,89507.068,0.6427763287310587,296.47086390009133,73.99596598289789,306.1036790037916,297.7397859114227,100083.20579791717,301.7865421435411,2.828788196815938,-0.8670938567990715,-2.6201943541717267,239,67.54401414194024,6,17.8565200009947,318.8553065459237,43.401
2015-01-28,2015,1,AR,AR-W,89507.068,0.6427763287310587,296.1835012266553,80.70567728275738,304.03921063269036,296.82133192159904,99977.64387931897,299.8767378978634,11.155810903015162,-0.482135153486913,-2.386236426254954,239,67.54401414194024,6,17.8565200009947,318.8553065459237,43.401
2015-01-29,2015,1,AR,AR-W,89507.068,0.6427763287310587,292.9466277574102,78.73770606303053,301.0223286427022,294.68705874757575,100429.7353542885,297.21430683674083,5.147427296858482,-1.1598790398876153,4.389039769389039,239,67.54401414194024,6,17.8565200009947,318.8553065459237,43.401
2015-01-30,2015,1,AR,AR-W,89507.068,0.6427763287310587,289.1603577925302,68.11135709159066,300.8323474224046,290.48627468344074,100884.11860550795,295.778960998575,0.0002283486406264469,-3.199213459640838,2.5814155301112014,239,67.54401414194024,6,17.8565200009947,318.8553065459237,43.401
2015-01-31,2015,1,AR,AR-W,89507.068,0.6427763287310587,290.2223961228547,68.8145874622311,303.3925500860575,290.27057629806336,100718.33318314946,296.6812406864926,0.05270314377489136,-2.3481078174615924,1.4967376686888845,239,67.54401414194024,6,17.8565200009947,318.8553065459237,43.401
2015-02-01,2015,2,AR,AR-W,89507.068,0.6698058716318762,293.61527956863847,72.38978734468407,305.86519849233105,293.5136424521903,100478.52086666458,299.46951640682425,0.09691133268136354,-1.8209793247278516,0.44010503977385473,239,67.54401414194024,6,17.8565200009947,318.8553065459237,43.401
2015-02-02,2015,2,AR,AR-W,89507.068,0.6698058716318762,295.58923191488105,73.74327386014447,307.0641789190232,295.40191070380826,100390.1958108444,301.0149339183235,2.6822055369528592,-1.7134542104880988,0.28575071733457896,239,67.54401414194024,6,17.8565200009947,318.8553065459237,43.401
2015-02-03,2015,2,AR,AR-W,89507.068,0.6698058716318762,296.4001527276367,84.21733437261844,302.19831399452556,297.16787353232854,100230.09362054174,299.3232095012289,12.43594337090535,-1.6043092797060567,0.15992021738530557,239,67.54401414194024,6,17.8565200009947,318.8553065459237,43.401
2015-02-04,2015,2,AR,AR-W,89507.068,0.6698058716318762,296.282706519703,84.06513550413933,304.4239092538706,296.1697710561391,100007.22392252737,299.39754766980906,2.4998383762896474,-0.9755399912990578,0.43913656678987145,239,67.54401414194024,6,17.8565200009947,318.8553065459237,43.401
2015-02-05,2015,2,AR,AR-W,89507.068,0.6698058716318762,295.623058287599,76.34886367473227,305.1929514223884,295.83890281097695,99992.24442935386,300.45857837085873,0.42868556041083955,-2.1447595346531183,1.4140077176442827,239,67.54401414194024,6,17.8565200009947,318.8553065459237,43.401
2015-02-06,2015,2,AR,AR-W,89507.068,0.6698058716318762,294.08605576399816,71.06956047419271,305.09328389415583,295.10263780644954,100099.13373077147,300.20322490668786,0.05525886435998712,-2.4707967874350576,1.539616608672724,239,67.54401414194024,6,17.8565200009947,318.8553065459237,43.401
2015-02-07,2015,2,AR,AR-W,89507.068,0.6698058716318762,292.7746613759598,68.0602347634828,304.87663052717426,293.8763275572428,100129.72034618692,299.5619773268875,0.0773447424241059,-1.9931857452905455,1.4318656752462047,239,67.54401414194024,6,17.8565200009947,318.8553065459237,43.401
2015-02-08,2015,2,AR,AR-W,89507.068,0.6698058716318762,292.8208687892115,68.44375654503799,305.19970282617885,293.6945203751787,100072.10567917756,299.5445257110876,0.00019888475998840497,-1.807486754302181,-0.34235538978483426,239,67.54401414194024,6,17.8565200009947,318.8553065459237,43.401
2015-02-09,2015,2,AR,AR-W,89507.068,0.6698058716318762,293.075726541663,65.59869531030901,307.5910796031622,293.83525146531497,99953.03530357245,300.6333538004894,0.0023641265674743174,-1.479886033132233,-0.3932317860449187,239,67.54401414194024,6,17.8565200009947,318.8553065459237,43.401
2015-02-10,2015,2,AR,AR-W,89507.068,0.6698058716318762,294.05217563434076,79.50850139533392,301.7693042794775,295.0242246222365,100020.4831173067,297.9459604670104,12.656828495337521,-1.7228651522436014,1.1869054165449715,239,67.54401414194024,6,17.8565200009947,318.8553065459237,43.401
2015-02-11,2015,2,AR,AR-W,89507.068,0.6698058716318762,293.3407984334428,81.66636759508796,301.86589651418745,293.2520472542465,100529.38863811841,296.9258206507907,2.3538728832452684,0.6223006074685133,3.056672427313637,239,67.54401414194024,6,17.8565200009947,318.8553065459237,43.401
2015-02-12,2015,2,AR,AR-W,89507.068,0.6698058716318762,293.26635898155763,75.61110244130742,304.3568265511288,292.8562160246571,100493.8847912614,298.3727191495252,0.04133920241909505,0.4661604016325771,0.6407458133573597,239,67.54401414194024,6,17.8565200009947,318.8553065459237,43.401
2015-02-13,2015,2,AR,AR-W,89507.068,0.6698058716318762,293.67326976859715,70.45920447205397,305.17779818242167,294.7455217488667,100708.94635141354,299.8886736286233,0.16698302235260723,-1.1992775134216993,1.8218904073216986,239,67.54401414194024,6,17.8565200009947,318.8553065459237,43.401
2015-02-14,2015,2,AR,AR-W,89507.068,0.6698058716318762,293.65285426284424,70.37722124486386,304.88152044570063,294.81953868083156,100594.90879925904,299.7502678847761,0.11321937190693462,-3.455740559452989,1.1571586976294548,239,67.54401414194024,6,17.8565200009947,318.8553065459237,43.401
2015-02-15,2015,2,AR,AR-W,89507.068,0.6698058716318762,292.36863296235987,68.217849737558,305.1721899389774,293.0487870168054,100527.51302330797,299.0318477055363,0.058370227613784735,-3.748629258910515,1.0632739310513086,239,67.54401414194024,6,17.8565200009947,318.8553065459237,43.401
2015-02-16,2015,2,AR,AR-W,89507.068,0.6698058716318762,293.603118984392,69.62665659777501,304.91084120351036,295.3636527236201,100431.58103943321,299.81858701253344,1.0118143536982813,-3.6058543587322847,0.5172187734169914,239,67.54401414194024,6,17.8565200009947,318.8553065459237,43.401
2015-02-17,2015,2,AR,AR-W,89507.068,0.6698058716318762,293.1938962692276,68.41627182153212,304.84893095294353,294.7813276515308,100350.34143135279,299.8331417195436,0.6296609830819948,-2.64229424118946,0.8247232214563899,239,67.54401414194024,6,17.8565200009947,318.8553065459237,43.401
2015-02-18,2015,2,AR,AR-W,89507.068,0.6698058716318762,292.87913926984334,67.41808578501104,305.9529750556851,294.4668670289977,99845.76929298192,299.830392793004,0.7180716212551917,-1.6314225881298796,-0.4600626711155661,239,67.54401414194024,6,17.8565200009947,318.8553065459237,43.401
2015-02-19,2015,2,AR,AR-W,89507.068,0.6698058716318762,293.20548583201355,82.50220651933269,299.9345140479241,293.7330140876622,99853.45867406974,296.5210647061903,11.998863380293132,0.8013273375639297,3.3457303096214406,239,67.54401414194024,6,17.8565200009947,318.8553065459237,43.401
2015-02-20,2015,2,AR,AR-W,89507.068,0.6698058716318762,290.2483402240187,74.17809453401779,300.4634806535628,291.46206224412856,100579.13242134138,295.5149839677316,0.12133794517206038,-0.9894072730396901,3.998362595553407,239,67.54401414194024,6,17.8565200009947,318.8553065459237,43.401
2015-02-21,2015,2,AR,AR-W,89507.068,0.6698058716318762,290.6923971215228,70.05902012639397,303.7955292404182,290.45254922789667,100836.60021850126,296.7404256151061,0.2142709524303191,-2.0236319156669285,2.478504524046447,239,67.54401414194024,6,17.8565200009947,318.8553065459237,43.401
2015-02-22,2015,2,AR,AR-W,89507.068,0.6698058716318762,294.85521801176344,76.93701902855685,304.9596300410029,295.06738887269603,100734.45745674516,299.3924661097011,9.751325108326851,-1.483920004479235,0.6979867638840864,239,67.54401414194024,6,17.8565200009947,318.8553065459237,43.401
2015-02-23,2015,2,AR,AR-W,89507.068,0.6698058716318762,295.6370411647599,84.86932490645181,302.89107175436055,295.4000353816852,100697.43727426017,298.4808293294049,16.572295074025213,-1.120553795713572,-0.37714320391382467,239,67.54401414194024,6,17.8565200009947,318.8553065459237,43.401
2015-02-24,2015,2,AR,AR-W,89507.068,0.6698058716318762,296.0112506639661,83.05065919041068,305.0225966561679,295.2545768292363,100504.9933375434,299.372538631444,6.431783497854695,-1.754711261237822,-0.8607277838383708,239,67.54401414194024,6,17.8565200009947,318.8553065459237,43.401
2015-02-25,2015,2,AR,AR-W,89507.068,0.6698058716318762,296.25460555240915,81.51184132273663,305.91763341280284,296.5611591541888,100304.08801231103,299.915239347134,7.075319370274953,-2.0266912058646294,-2.0132823758158707,239,67.54401414194024,6,17.8565200009947,318.8553065459237,43.401
2015-02-26,2015,2,AR,AR-W,89507.068,0.6698058716318762,295.31458645022127,82.9542455236804,301.9771882870732,296.09022861550255,100304.93096236151,298.5576303283469,8.729738939264811,-1.2126828811037436,-0.5420794356026916,239,67.54401414194024,6,17.8565200009947,318.8553065459237,43.401
2015-02-27,2015,2,AR,AR-W,89507.068,0.6698058716318762,295.57402131557046,85.40735565866993,301.3900463341914,296.1040148149655,100354.46060967847,298.28284168917423,7.931866901766559,-0.8571347498827291,1.5242329041033313,239,67.54401414194024,6,17.8565200009947,318.8553065459237,43.401
2015-02-28,2015,2,AR,AR-W,89507.068,0.6698058716318762,293.9427604813498,75.13832158667329,303.71811969156903,294.80108693419595,100599.03905785987,298.91352303651007,1.3241002868680405,-3.267212942900194,0.9196538290307268,239,67.54401414194024,6,17.8565200009947,318.8553065459237,43.401
2015-03-01,2015,3,AR,AR-W,89507.068,0.6799066806339532,294.0463073172209,73.34380002956651,305.06823953228763,294.8520378660631,100448.00109877052,299.31860118471036,3.3454941944343894,-2.5684474670823985,-0.8734606225038003,239,67.54401414194024,6,17.8565200009947,318.8553065459237,43.401
2015-03-02,2015,3,AR,AR-W,89507.068,0.6799066806339532,295.44577173816555,85.51156484558722,303.29095618577685,294.5406376199257,100381.8715461576,298.1723947304687,7.636549747942556,-1.4235198120733983,-1.6622042616897525,239,67.54401414194024,6,17.8565200009947,318.8553065459237,43.401
2015-03-03,2015,3,AR,AR-W,89507.068,0.6799066806339532,296.664117830216,80.09114459361153,305.2406607302349,297.05383021017144,100178.38043074775,300.59187237143175,3.133723150399769,-2.3808873593116893,-2.2776875555809117,239,67.54401414194024,6,17.8565200009947,318.8553065459237,43.401
2015-03-04,2015,3,AR,AR-W,89507.068,0.6799066806339532,296.1788172424211,85.94756677960588,303.81654115121677,295.82865626450746,100241.68436469902,298.8354394165843,11.486224946019695,-0.2880534806683913,-0.7882770566076044,239,67.54401414194024,6,17.8565200009947,318.8553065459237,43.401
2015-03-05,2015,3,AR,AR-W,89507.068,0.6799066806339532,296.9969254097391,84.67403965169342,304.93928180098027,296.4144494870697,100376.14448508118,299.98639593267694,4.581226201871191,-1.3607061648886394,0.12187403168752602,239,67.54401414194024,6,17.8565200009947,318.8553065459237,43.401
2015-03-06,2015,3,AR,AR-W,89507.068,0.6799066806339532,296.4653627699566,83.65680954776707,304.09604296089793,296.5688153143598,100389.98966770538,299.59709903549145,7.127208668514193,-2.042286837753067,0.4405510326476939,239,67.54401414194024,6,17.8565200009947,318.8553065459237,43.401
2015-03-07,2015,3,AR,AR-W,89507.068,0.6799066806339532,295.34094659603994,79.0860782308912,304.4033314024685,295.2827310577426,100347.5878183557,299.449204222567,1.149215336589558,-2.7528818637166266,1.0549292374810944,239,67.54401414194024,6,17.8565200009947,318.8553065459237,43.401
2015-03-08,2015,3,AR,AR-W,89507.068,0.6799066806339532,294.34700057882804,75.47595949474703,305.3841129028153,293.8251070313833,100345.73090770138,299.3292394879241,0.10807336911372364,-2.4026172598870916,1.1546333945255243,239,67.54401414194024,6,17.8565200009947,318.8553065459237,43.401
2015-03-09,2015,3,AR,AR-W,89507.068,0.6799066806339532,294.25351591699854,74.64126120677817,304.8662848035606,294.3171689529177,100387.28381851543,299.4869683869429,0.11096918617918981,-1.7194174599065535,1.6386138983705847,239,67.54401414194024,6,17.8565200009947,318.8553065459237,43.401
2015-03-10,2015,3,AR,AR-W,89507.068,0.6799066806339532,294.2436312730814,74.76496026792633,304.8192543663717,294.6607219181511,100392.18857209006,299.409655866483,0.11044764999571721,-2.1987137568707107,1.6222477416910195,239,67.54401414194024,6,17.8565200009947,318.8553065459237,43.401
2015-03-11,2015,3,AR,AR-W,89507.068,0.6799066806339532,293.9442011994108,74.33206384989003,303.9437736542496,294.7282428672352,100395.07036655692,299.1445252749927,0.20857963114129463,-2.5021351797886444,1.504755319516258,239,67.54401414194024,6,17.8565200009947,318.8553065459237,43.401
2015-03-12,2015,3,AR,AR-W,89507.068,0.6799066806339532,291.75289710998084,69.69545375535591,304.2421292869539,291.8974943732523,100287.7847676434,298.1455445389016,6.5782283256163945e-06,-2.3512393713436404,0.6692000805540976,239,67.54401414194024,6,17.8565200009947,318.8553065459237,43.401
2015-03-13,2015,3,AR,AR-W,89507.068,0.6799066806339532,291.60970341423644,68.32070728663098,305.1444892464153,291.78255780428395,100148.11028004732,298.40060594638805,0.00025107882175276616,-2.2338503322968353,-0.3814614896015691,239,67.54401414194024,6,17.8565200009947,318.8553065459237,43.401
2015-03-14,2015,3,AR,AR-W,89507.068,0.6799066806339532,293.03139391221265,68.86264341765722,305.8926009547295,293.7020494171393,100208.75055472135,299.6039209983803,0.09595726627411544,-1.3377606755974036,0.09362661067774185,239,67.54401414194024,6,17.8565200009947,318.8553065459237,43.401
2015-03-15,2015,3,AR,AR-W,89507.068,0.6799066806339532,293.370878883557,67.9574224799278,306.62426019115634,295.1729421736247,100431.34515199966,300.27372261197354,0.2469639648246553,-0.7255337565270318,1.9690800279526244,239,67.54401414194024,6,17.8565200009947,318.8553065459237,43.401
2015-03-16,2015,3,AR,AR-W,89507.068,0.6799066806339532,293.43409511047093,67.0645368510313,307.0094533087543,294.50670008923595,100512.47840855518,300.60492758635644,0.03870571283679442,-1.7632802418088684,1.4031903319533845,239,67.54401414194024,6,17.8565200009947,318.8553065459237,43.401
2015-03-17,2015,3,AR,AR-W,89507.068,0.6799066806339532,292.67071221991614,64.86071164540033,306.0785541465321,295.18052276395633,100592.75068278753,300.38143402061525,6.812256518343171e-07,-3.1267573493332854,1.1137293461098328,239,67.54401414194024,6,17.8565200009947,318.8553065459237,43.401
2015-03-18,2015,3,AR,AR-W,89507.068,0.6799066806339532,291.0738834118966,63.70027603154906,305.79523188661295,292.4644950481081,100606.36116537421,298.8451361726706,0.011030232983847588,-2.89495483735908,1.1927840263886051,239,67.54401414194024,6,17.8565200009947,318.8553065459237,43.401
2015-03-19,2015,3,AR,AR-W,89507.068,0.6799066806339532,293.90438302820553,70.95615603753075,306.9509058870371,293.9955697374275,100523.72421763637,299.9915501888568,0.315281565325403,-1.587909947436701,-0.0855925929163965,239,67.54401414194024,6,17.8565200009947,318.8553065459237,43.401
2015-03-20,2015,3,AR,AR-W,89507.068,0.6799066806339532,295.35178126247746,75.21475627581498,304.8825540258827,296.18850355561244,100318.6996829898,300.3987171426621,0.5289032522354657,0.28036877147393785,-0.9348129514671348,239,67.54401414194024,6,17.8565200009947,318.8553065459237,43.401
2015-03-21,2015,3,AR,AR-W,89507.068,0.6799066806339532,290.5422617950865,72.87540706080138,299.56986769139075,292.24349817623886,100610.8468129157,296.10146820581303,1.1708898054369574,0.17017493553369392,4.6070101286415195,239,67.54401414194024,6,17.8565200009947,318.8553065459237,43.401
2015-03-22,2015,3,AR,AR-W,89507.068,0.6799066806339532,283.63576219693164,60.78146314934266,297.49436884435596,286.30933778294616,100973.38140191612,291.64601418643065,8.381903171539307e-07,-1.8458677235150645,3.819902783477575,239,67.54401414194024,6,17.8565200009947,318.8553065459237,43.401
2015-03-23,2015,3,AR,AR-W,89507.068,0.6799066806339532,284.9697852585854,65.43476766980716,298.79110537698506,285.77432427517033,101114.98800678934,292.0211135475471,0.0,-2.1489233306023925,2.179893673712392,239,67.54401414194024,6,17.8565200009947,318.8553065459237,43.401
2015-03-24,2015,3,AR,AR-W,89507.068,0.6799066806339532,287.8997755463576,68.55419547396765,301.22327783472093,288.5322565118498,100997.80579392666,294.17390398212535,0.06995191831355656,-2.3252950963572125,1.1389668951190588,239,67.54401414194024,6,17.8565200009947,318.8553065459237,43.401
2015-03-25,2015,3,AR,AR-W,89507.068,0.6799066806339532,291.1938361439617,72.97340633691356,301.93330636330046,292.50789728837003,100737.25044939152,296.48138659738294,0.9023379178149876,-0.9830075832279742,1.5942049675224885,239,67.54401414194024,6,17.8565200009947,318.8553065459237,43.401
2015-03-26,2015,3,AR,AR-W,89507.068,0.6799066806339532,291.01100455855783,90.01403126216059,297.2244573462751,290.3851732567935,100697.55875151262,292.77312875443954,28.266036964508707,-1.9789120703289553,4.360971141546164,239,67.54401414194024,6,17.8565200009947,318.8553065459237,43.401
2015-03-27,2015,3,AR,AR-W,89507.068,0.6799066806339532,288.3896005295968,77.70572561941067,298.08986104154206,288.7666902197166,100940.28663318692,292.6370694402376,2.4308083922776293,-2.0265475012087197,3.861170192430935,239,67.54401414194024,6,17.8565200009947,318.8553065459237,43.401
2015-03-28,2015,3,AR,AR-W,89507.068,0.6799066806339532,288.4909764259438,75.48274903349608,296.96495899885326,289.45855047148126,101083.25655457472,293.1049827670388,3.903678813843022,-1.270867409667245,2.47126401202472,239,67.54401414194024,6,17.8565200009947,318.8553065459237,43.401
2015-03-29,2015,3,AR,AR-W,89507.068,0.6799066806339532,289.89760037819957,81.88832807568782,296.7070720491581,290.45012092352425,100819.63577310197,293.2380682459321,3.1312838803217637,-0.44242729644996415,1.875710758057613,239,67.54401414194024,6,17.8565200009947,318.8553065459237,43.401
2015-03-30,2015,3,AR,AR-W,89507.068,0.6799066806339532,289.7849714652216,78.27180618937042,300.75980316341537,288.537623821942,100494.53815118856,294.1575154490685,0.016917809414226888,0.5906031558311089,0.7488389122158244,239,67.54401414194024,6,17.8565200009947,318.8553065459237,43.401
2015-03-31,2015,3,AR,AR-W,89507.068,0.6799066806339532,289.58315600772255,75.67279546173863,300.47004941679876,289.56779073882973,100747.82658170989,294.44976194639656,0.19694583178187808,1.4193178459326221,2.1311706320250505,239,67.54401414194024,6,17.8565200009947,318.8553065459237,43.401
2015-04-01,2015,4,AR,AR-W,89507.068,0.6433625085173218,286.77994449853594,67.6490328893039,301.27379129782145,286.5033709281426,100906.83856494437,293.8500232074608,-8.381903171539307e-07,-0.36617002204308385,1.1521139174730533,239,67.54401414194024,6,17.8565200009947,318.8553065459237,43.401
2015-04-02,2015,4,AR,AR-W,89507.068,0.6433625085173218,286.97592037296306,65.83901656159321,302.90041667740894,286.3997609391731,100794.30930600203,294.3348954453309,0.0,-1.5966878067362427,-0.9376699795651986,239,67.54401414194024,6,17.8565200009947,318.8553065459237,43.401
2015-04-03,2015,4,AR,AR-W,89507.068,0.6433625085173218,288.9986110722827,67.14263282977083,304.6526689125564,288.861663475791,100367.4640266322,296.1075252680907,1.915581243376752e-05,-1.2311860958984133,-1.5120115038008601,239,67.54401414194024,6,17.8565200009947,318.8553065459237,43.401
2015-04-04,2015,4,AR,AR-W,89507.068,0.6433625085173218,291.5414699521138,78.2832122652386,299.7386187749214,292.458816309004,100042.66548189997,295.6903792556479,12.136968678858741,-1.9243335143654747,-0.7853740688747254,239,67.54401414194024,6,17.8565200009947,318.8553065459237,43.401
2015-04-05,2015,4,AR,AR-W,89507.068,0.6433625085173218,291.9511471357695,82.64291367450127,299.78567005077474,292.34898873370105,100194.5724687444,295.3712955354093,15.297281388950342,-0.4571491792078157,3.0886412704897914,239,67.54401414194024,6,17.8565200009947,318.8553065459237,43.401
2015-04-06,2015,4,AR,AR-W,89507.068,0.6433625085173218,287.50459510407626,70.35598535382276,297.9197792360899,289.1892499511922,101008.19985096065,293.4750542977985,0.0077164023623420026,-2.4804798527979433,3.337624732279936,239,67.54401414194024,6,17.8565200009947,318.8553065459237,43.401
2015-04-07,2015,4,AR,AR-W,89507.068,0.6433625085173218,286.13145665368523,71.15495751483158,298.63138743314084,286.25316378217394,100881.59525315334,291.92244254230786,8.381903171539307e-07,-3.235027151995078,0.261424679904447,239,67.54401414194024,6,17.8565200009947,318.8553065459237,43.401
2015-04-08,2015,4,AR,AR-W,89507.068,0.6433625085173218,288.17242418681,72.06008564044227,301.6384379008591,287.1952037236932,100694.55764438989,293.7157563809198,0.17297530093541108,-1.8533165114838,-0.3423149674361868,239,67.54401414194024,6,17.8565200009947,318.8553065459237,43.401
2015-04-09,2015,4,AR,AR-W,89507.068,0.6433625085173218,291.3772879338443,74.97513643905376,303.55809570374123,290.62878465547647,100810.96652137028,296.5473709174413,0.011681454115568646,-1.6390990699959622,-0.9767606709985038,239,67.54401414194024,6,17.8565200009947,318.8553065459237,43.401
2015-04-10,2015,4,AR,AR-W,89507.068,0.6433625085173218,291.15572350426066,70.93410626651082,304.13020224292836,291.2373346132867,100976.32647777212,297.31573079958764,-8.381903171539307e-07,-1.8864074621973286,-0.7294545844454483,239,67.54401414194024,6,17.8565200009947,318.8553065459237,43.401
2015-04-11,2015,4,AR,AR-W,89507.068,0.6433625085173218,291.0626313604382,71.1566521923628,304.57329326551934,291.15023834886455,100856.87539858265,297.12478679021,2.3087247114903126e-05,-1.5328792892708414,0.18708269942081454,239,67.54401414194024,6,17.8565200009947,318.8553065459237,43.401
2015-04-12,2015,4,AR,AR-W,89507.068,0.6433625085173218,290.8767722580065,71.19661301894324,303.7113353604407,291.2454396747611,100784.90463409267,296.83507094814,3.3527612686157227e-06,-2.462599333518402,0.4447935042058762,239,67.54401414194024,6,17.8565200009947,318.8553065459237,43.401
2015-04-13,2015,4,AR,AR-W,89507.068,0.6433625085173218,291.3819444201767,73.33737662057165,301.9193448087497,292.0841982499886,100673.5799814954,296.68837725938465,0.31147399826695804,-2.628694658424704,-0.8769010772449904,239,67.54401414194024,6,17.8565200009947,318.8553065459237,43.401
2015-04-14,2015,4,AR,AR-W,89507.068,0.6433625085173218,292.64386405475824,83.16958645878977,299.7198547510096,292.2299241217042,100474.79468720303,295.812152417346,4.000293244039117,-1.6421067358079298,-0.6270553174669892,239,67.54401414194024,6,17.8565200009947,318.8553065459237,43.401
2015-04-15,2015,4,AR,AR-W,89507.068,0.6433625085173218,291.6971490412176,81.95183086653496,300.70867427276045,291.1113145509581,100504.5354404548,295.2980906597585,0.021810749871050604,-1.655184845589271,1.006578238170631,239,67.54401414194024,6,17.8565200009947,318.8553065459237,43.401
2015-04-16,2015,4,AR,AR-W,89507.068,0.6433625085173218,291.6084104237649,76.07213080670499,302.2657464241452,291.5090882678052,100581.77011288381,296.3216779744772,0.14062755303202376,-3.470963841762735,-0.06480177902323145,239,67.54401414194024,6,17.8565200009947,318.8553065459237,43.401
2015-04-17,2015,4,AR,AR-W,89507.068,0.6433625085173218,291.9900844759986,89.01255327192888,296.8926684705889,291.64448523166,100466.23583639272,293.918366986541,21.37698178469573,-0.8971665710398423,-0.04305619250319728,239,67.54401414194024,6,17.8565200009947,318.8553065459237,43.401
2015-04-18,2015,4,AR,AR-W,89507.068,0.6433625085173218,287.4703480846886,77.98371912406314,297.53151535901463,287.59995775335483,100745.34603523857,292.0365273804792,0.06433525582638407,-0.9178908872910673,1.6066652984612977,239,67.54401414194024,6,17.8565200009947,318.8553065459237,43.401
2015-04-19,2015,4,AR,AR-W,89507.068,0.6433625085173218,289.524611344677,80.06371328859946,300.5014644141802,287.3261619513947,100189.92057809804,293.17541858618483,1.3498576900729762,-1.722348638818348,-1.969997285136263,239,67.54401414194024,6,17.8565200009947,318.8553065459237,43.401
2015-04-20,2015,4,AR,AR-W,89507.068,0.6433625085173218,294.0479340353622,84.7647127801736,300.3993214104658,294.7232849579664,100179.9175093822,296.93555796043705,20.81963232136476,-1.4716010249240905,1.9799645431819861,239,67.54401414194024,6,17.8565200009947,318.8553065459237,43.401
2015-04-21,2015,4,AR,AR-W,89507.068,0.6433625085173218,289.12025519448787,68.7057189658865,300.0213807934062,291.41832189349793,100730.68745777529,295.4871344990307,0.31807929483298913,-2.4208961893956094,3.779480048962582,239,67.54401414194024,6,17.8565200009947,318.8553065459237,43.401
2015-04-22,2015,4,AR,AR-W,89507.068,0.6433625085173218,286.3516268584311,68.17648727210327,298.6675092472048,287.64775637817905,101102.22330446893,292.74785933970645,0.00027750379577887093,-2.080056042433166,3.0658528309448405,239,67.54401414194024,6,17.8565200009947,318.8553065459237,43.401
2015-04-23,2015,4,AR,AR-W,89507.068,0.6433625085173218,286.39912748600165,73.89260224015864,298.3730994012312,285.4040909416143,101131.23613266164,291.52571437922023,0.0005584439129883426,-1.8275030117678641,1.8697095814455769,239,67.54401414194024,6,17.8565200009947,318.8553065459237,43.401
2015-04-24,2015,4,AR,AR-W,89507.068,0.6433625085173218,286.95623866932715,76.33003991539861,299.6764709478094,285.2121024025571,101192.6583640197,291.82060585989404,1.4804610528408959e-05,-1.7436080227210002,1.5175665122468296,239,67.54401414194024,6,17.8565200009947,318.8553065459237,43.401
2015-04-25,2015,4,AR,AR-W,89507.068,0.6433625085173218,285.9167491742689,71.26268479826584,299.7133931581782,285.04222606104537,101291.37188233132,291.93106818614046,5.867332220077515e-06,-2.4438750627821513,0.03562261833457908,239,67.54401414194024,6,17.8565200009947,318.8553065459237,43.401
2015-04-26,2015,4,AR,AR-W,89507.068,0.6433625085173218,287.4548339272802,74.07259692960722,301.13758651988053,285.9602080243935,100961.19065896532,292.6802599787352,0.0009358183065888542,-2.593887224796088,-0.6649644554401226,239,67.54401414194024,6,17.8565200009947,318.8553065459237,43.401
2015-04-27,2015,4,AR,AR-W,89507.068,0.6433625085173218,290.07420478988917,75.29197581707926,302.0650858431903,289.95499089786995,100851.96028255293,295.03115431469575,0.36337546721678704,-2.2593765605754155,-0.4246914044400133,239,67.54401414194024,6,17.8565200009947,318.8553065459237,43.401
2015-04-28,2015,4,AR,AR-W,89507.068,0.6433625085173218,288.531326669139,69.31632183826781,301.67091595651465,289.45552196753033,100913.95967539864,294.92029527171525,-2.514570951461792e-06,-2.4980635720533533,0.4288389276998318,239,67.54401414194024,6,17.8565200009947,318.8553065459237,43.401
2015-04-29,2015,4,AR,AR-W,89507.068,0.6433625085173218,288.36346542214295,71.30787819236373,298.90352452035654,290.3043405589818,100926.55285374097,293.8797680584673,0.3325276412466953,-4.120251396719503,-0.3683681778652952,239,67.54401414194024,6,17.8565200009947,318.8553065459237,43.401
2015-04-30,2015,4,AR,AR-W,89507.068,0.6433625085173218,289.2963686342256,72.52585623208442,300.56618917951965,290.45966177841404,100844.32165951474,294.6210308615312,0.1883638189733736,-3.395510956553854,0.17498848186248758,239,67.54401414194024,6,17.8565200009947,318.8553065459237,43.401
2015-05-01,2015,5,AR,AR-W,89507.068,0.6167866389004525,290.6653427909755,77.85574689081318,301.27265521812615,290.28932194563356,100597.63291156564,294.95156444013276,0.018367137150473774,-3.050565897232493,-1.4244128724044278,239,67.54401414194024,6,17.8565200009947,318.8553065459237,43.401
2015-05-02,2015,5,AR,AR-W,89507.068,0.6167866389004525,291.4326266416598,77.72782063205537,299.441347808575,293.0906090557117,99861.76522873728,295.6976549275774,16.93127303055375,-1.0413659619993947,-4.171733441990131,239,67.54401414194024,6,17.8565200009947,318.8553065459237,43.401
2015-05-03,2015,5,AR,AR-W,89507.068,0.6167866389004525,285.8729897367844,80.32922011406558,294.4228092861293,286.01676830444217,100246.82888063669,289.5423188499255,31.75560603301703,-0.5604678805901017,4.400864149263756,239,67.54401414194024,6,17.8565200009947,318.8553065459237,43.401
2015-05-04,2015,5,AR,AR-W,89507.068,0.6167866389004525,279.42217145388395,67.52845351889113,292.6629860815628,280.00883856543004,101041.37232290674,286.0087584062631,0.0006615773895212779,0.16796690280094517,2.2176477820683003,239,67.54401414194024,6,17.8565200009947,318.8553065459237,43.401
2015-05-05,2015,5,AR,AR-W,89507.068,0.6167866389004525,280.5671795145338,70.4230094919771,294.27868469459406,280.272369929431,101174.92774771522,286.4331984397896,2.514570951461792e-06,-1.95272527997161,0.16305131421135965,239,67.54401414194024,6,17.8565200009947,318.8553065459237,43.401
2015-05-06,2015,5,AR,AR-W,89507.068,0.6167866389004525,282.0382314655837,69.53131235033129,295.40905336227166,281.98506072202326,101260.06805417383,288.0507484948526,3.3527612686157227e-06,-0.9526653765973622,2.5205964896332977,239,67.54401414194024,6,17.8565200009947,318.8553065459237,43.401
2015-05-07,2015,5,AR,AR-W,89507.068,0.6167866389004525,282.1103875439517,72.12758358482495,292.1581696158401,283.3282853627406,101407.17582115464,287.29992655480896,0.00041575962210194307,-3.1556282784895338,2.1356265945665953,239,67.54401414194024,6,17.8565200009947,318.8553065459237,43.401
2015-05-08,2015,5,AR,AR-W,89507.068,0.6167866389004525,283.53963724258574,72.07306420813114,295.86109424511085,283.4850784585418,101112.31617169398,288.7901492208611,0.5276071289074664,-2.298810369750911,0.05585786889989715,239,67.54401414194024,6,17.8565200009947,318.8553065459237,43.401
2015-05-09,2015,5,AR,AR-W,89507.068,0.6167866389004525,289.0859549727953,88.25166703199127,293.93025584707135,288.4070675573447,100748.85839942347,291.0919474020433,8.889699851443664,-2.1786734871090583,-1.5292278405637576,239,67.54401414194024,6,17.8565200009947,318.8553065459237,43.401
2015-05-10,2015,5,AR,AR-W,89507.068,0.6167866389004525,290.4715558028442,90.06414085250638,294.67498616259746,290.63768939730613,100764.90734645049,292.21922714053045,10.192621309489857,-1.7676549814811833,1.8340548920208006,239,67.54401414194024,6,17.8565200009947,318.8553065459237,43.401
2015-05-11,2015,5,AR,AR-W,89507.068,0.6167866389004525,286.98829467178916,84.55418646609189,293.7072902180316,286.15447778368156,101232.68014686774,289.7624215379054,0.044824274023068295,-1.2932997927049301,3.284698706455012,239,67.54401414194024,6,17.8565200009947,318.8553065459237,43.401
2015-05-12,2015,5,AR,AR-W,89507.068,0.6167866389004525,286.0034079336741,78.95937747749161,295.78595673874383,285.79101939234477,101233.82085098106,289.92609498455084,0.0014397181433793613,-3.513176440541248,0.6071513512071007,239,67.54401414194024,6,17.8565200009947,318.8553065459237,43.401
2015-05-13,2015,5,AR,AR-W,89507.068,0.6167866389004525,287.1199470878447,78.36312009023305,297.7594658079655,286.3742671059606,101119.69228740089,291.10084925107395,0.06749957190406036,-2.66287246397982,-0.5885395915813635,239,67.54401414194024,6,17.8565200009947,318.8553065459237,43.401
2015-05-14,2015,5,AR,AR-W,89507.068,0.6167866389004525,289.2955932209368,83.34447380147068,297.27013059950144,288.78446994434154,101007.45761102776,292.3683798288642,0.3762938740842503,-2.231577401890595,-1.6525230634776782,239,67.54401414194024,6,17.8565200009947,318.8553065459237,43.401
2015-05-15,2015,5,AR,AR-W,89507.068,0.6167866389004525,290.01324928076616,84.99798383394193,296.8297040331792,289.0594536235909,100901.96721854211,292.73452205423456,0.5538875734491169,-2.1770274271844374,-1.9300876335561878,239,67.54401414194024,6,17.8565200009947,318.8553065459237,43.401
2015-05-16,2015,5,AR,AR-W,89507.068,0.6167866389004525,291.1402476990938,85.66864066499626,298.0968688141954,290.7637935746498,101019.78100245178,293.7656487586515,4.22215235331124,-2.1240338691978593,-1.968617306703936,239,67.54401414194024,6,17.8565200009947,318.8553065459237,43.401
2015-05-17,2015,5,AR,AR-W,89507.068,0.6167866389004525,292.18410319798255,86.67774277845803,299.5179152837903,291.6857156406325,101059.94491275723,294.6367991683586,1.2016670288200677,-2.4659021941125974,-2.495291928826695,239,67.54401414194024,6,17.8565200009947,318.8553065459237,43.401
2015-05-18,2015,5,AR,AR-W,89507.068,0.6167866389004525,293.024311017415,83.24564894961233,300.9302331560005,293.2276208357253,101246.04253072661,296.19782406206036,1.4354185560907238,-2.0184502310131784,-1.7015488086491874,239,67.54401414194024,6,17.8565200009947,318.8553065459237,43.401
2015-05-19,2015,5,AR,AR-W,89507.068,0.6167866389004525,292.0284507422037,83.5160411782419,301.00185481062,290.9290102044312,101311.81645937887,295.1948265614459,0.09536955641626745,-1.8323193109785285,0.042279418725207296,239,67.54401414194024,6,17.8565200009947,318.8553065459237,43.401
2015-05-20,2015,5,AR,AR-W,89507.068,0.6167866389004525,290.8382910474531,81.3867576790826,300.83772582155916,289.6568921270369,101028.49855136748,294.46566863449965,0.010398327865097251,-2.1022768858783687,-1.3172763570936936,239,67.54401414194024,6,17.8565200009947,318.8553065459237,43.401
2015-05-21,2015,5,AR,AR-W,89507.068,0.6167866389004525,291.3363428869744,78.89301082760991,301.29682340178437,291.3339044324305,100823.75034243776,295.40845527519787,0.06913246897009369,-2.2208867124744525,-3.37747253158522,239,67.54401414194024,6,17.8565200009947,318.8553065459237,43.401
2015-05-22,2015,5,AR,AR-W,89507.068,0.6167866389004525,292.5507023469168,82.39552788861256,301.40661311241644,291.93389854514976,100704.34138332798,295.8864944946485,1.875730977853512,-1.8970333498822904,-3.4714640233170746,239,67.54401414194024,6,17.8565200009947,318.8553065459237,43.401
2015-05-23,2015,5,AR,AR-W,89507.068,0.6167866389004525,294.17936575950137,92.83108099005872,297.45339200660493,293.86372052585943,100115.48064762504,295.42141157307594,35.323286193050194,0.09147706216670713,-3.0062635770502215,239,67.54401414194024,6,17.8565200009947,318.8553065459237,43.401
2015-05-24,2015,5,AR,AR-W,89507.068,0.6167866389004525,291.96180476599704,91.10184946814557,295.8633128931595,291.89784585556595,100429.34209024391,293.5190773307055,2.254623580617133,-1.6986487491270152,3.4541223980847033,239,67.54401414194024,6,17.8565200009947,318.8553065459237,43.401
2015-05-25,2015,5,AR,AR-W,89507.068,0.6167866389004525,289.0993528040398,81.27112759946544,295.7774408336715,289.6205166538431,100894.80457590606,292.44328586419545,0.0507156720427326,-2.463798720437174,3.1130729489890903,239,67.54401414194024,6,17.8565200009947,318.8553065459237,43.401
2015-05-26,2015,5,AR,AR-W,89507.068,0.6167866389004525,289.7200180427997,85.97320779411211,294.5415754631464,290.4604861825931,100855.82681162578,292.147674123727,4.582052808477318,-2.4546812229965176,2.4578353389889633,239,67.54401414194024,6,17.8565200009947,318.8553065459237,43.401
2015-05-27,2015,5,AR,AR-W,89507.068,0.6167866389004525,288.0237803166047,85.19574933720618,292.8125048874887,288.5373123331166,100841.53835674407,290.61135748346464,8.993178707863713,-1.7536694074170507,4.536047527036311,239,67.54401414194024,6,17.8565200009947,318.8553065459237,43.401
2015-05-28,2015,5,AR,AR-W,89507.068,0.6167866389004525,285.2896872539307,81.85184393931983,293.2945472185759,285.50803796702826,101259.07504398789,288.65853656357126,0.005184238300421298,-0.7674932902275164,2.2677551377656493,239,67.54401414194024,6,17.8565200009947,318.8553065459237,43.401
2015-05-29,2015,5,AR,AR-W,89507.068,0.6167866389004525,283.9009996796968,78.517423706091,292.3850942803029,283.9584232499566,100896.30063810354,287.8028556523302,0.0057155320805515105,-2.1888162584757085,-0.5509264790827211,239,67.54401414194024,6,17.8565200009947,318.8553065459237,43.401
2015-05-30,2015,5,AR,AR-W,89507.068,0.6167866389004525,283.9935686619298,80.15721781368893,293.15953227092604,283.35736113800505,100771.49404747543,287.5950381020762,0.028632277783893444,-0.8515735779723302,0.1941753617814712,239,67.54401414194024,6,17.8565200009947,318.8553065459237,43.401
2015-05-31,2015,5,AR,AR-W,89507.068,0.6167866389004525,284.01587651581207,80.7272664471118,294.34674889626297,282.29416894705975,101059.99372661399,287.69688342844853,0.014655515677129955,-1.1614507084578856,0.5575624979967546,239,67.54401414194024,6,17.8565200009947,318.8553065459237,43.401
2015-06-01,2015,6,AR,AR-W,89507.068,0.6351806679267727,283.9701901724893,78.26317523701954,295.0993082103489,282.63398105843123,101284.27150745936,288.08053112171626,0.0002624607264027357,-1.8751123477247653,-1.008169609516357,239,67.54401414194024,6,17.8565200009947,318.8553065459237,43.401
2015-06-02,2015,6,AR,AR-W,89507.068,0.6351806679267727,286.1056459148996,82.60136639801247,296.4210101020741,284.33394000062515,101008.52676698825,289.3269787066947,0.0023615860348758636,-1.4669164399323085,-1.759349470790069,239,67.54401414194024,6,17.8565200009947,318.8553065459237,43.401
2015-06-03,2015,6,AR,AR-W,89507.068,0.6351806679267727,290.65327727939786,85.9671848690466,298.1387038335399,289.993639876258,100659.12626465333,293.1592887873433,1.1699731027184295,-0.8060605167392734,-3.0467619342688406,239,67.54401414194024,6,17.8565200009947,318.8553065459237,43.401
2015-06-04,2015,6,AR,AR-W,89507.068,0.6351806679267727,293.1727662439646,89.28942557612828,298.849056516909,292.5915951593729,100899.84775833166,295.0886324702218,4.230117593529776,-1.4470638892139691,-1.837319287134942,239,67.54401414194024,6,17.8565200009947,318.8553065459237,43.401
2015-06-05,2015,6,AR,AR-W,89507.068,0.6351806679267727,294.15231074019215,83.40429519912804,302.88934972610906,294.18178392457725,100633.48360358695,297.3684582217199,6.091662700630779,-0.8667498007231146,-4.269247181881291,239,67.54401414194024,6,17.8565200009947,318.8553065459237,43.401
2015-06-06,2015,6,AR,AR-W,89507.068,0.6351806679267727,291.5606909838722,71.06431283191188,302.3260259699096,294.0560660473543,100179.21588243153,297.40892416327654,0.0013148959883408343,-0.0026460876499480837,-5.859253363717781,239,67.54401414194024,6,17.8565200009947,318.8553065459237,43.401
2015-06-07,2015,6,AR,AR-W,89507.068,0.6351806679267727,291.6467448764326,76.78501973263421,301.08733361258857,292.80934186567134,100387.22481574245,296.0504721781841,0.9999619495797788,-0.28686762061191884,-2.6879930129966034,239,67.54401414194024,6,17.8565200009947,318.8553065459237,43.401
2015-06-08,2015,6,AR,AR-W,89507.068,0.6351806679267727,292.3665319430173,83.412377828408,298.81441781780967,292.76837207594576,100431.36978594387,295.4266505831881,3.994412959184963,-0.8668706990201407,-2.1647771874392574,239,67.54401414194024,6,17.8565200009947,318.8553065459237,43.401
2015-06-09,2015,6,AR,AR-W,89507.068,0.6351806679267727,292.56227358954953,82.2981091760181,300.29867268599855,293.1803454178035,100236.66611805467,295.94616050423406,1.8266885706491869,0.11654580640888682,-2.794888396691791,239,67.54401414194024,6,17.8565200009947,318.8553065459237,43.401
2015-06-10,2015,6,AR,AR-W,89507.068,0.6351806679267727,291.32678051643984,86.40077080767041,296.5148103544857,291.252875078671,100378.16567144713,293.7519038132919,5.5263784645426055,0.0837989053849077,1.2855890483480428,239,67.54401414194024,6,17.8565200009947,318.8553065459237,43.401
2015-06-11,2015,6,AR,AR-W,89507.068,0.6351806679267727,284.6478481973555,72.06700424469899,292.7492584320953,286.8518956413162,100831.25099831283,290.19575822303085,5.349684420864036,-1.6723734938511412,4.556603171037099,239,67.54401414194024,6,17.8565200009947,318.8553065459237,43.401
2015-06-12,2015,6,AR,AR-W,89507.068,0.6351806679267727,278.6444123353031,67.21539441987761,290.90058551373016,279.8366046254592,101270.58581430589,285.00903253883246,0.0,-2.1550193306187198,2.0155278304571302,239,67.54401414194024,6,17.8565200009947,318.8553065459237,43.401
2015-06-13,2015,6,AR,AR-W,89507.068,0.6351806679267727,281.2124758373355,72.49048452847595,290.4879695500145,283.1703536188884,100514.98171646704,286.1244362467872,0.40828086708050554,-2.177138726006227,0.8523700986669958,239,67.54401414194024,6,17.8565200009947,318.8553065459237,43.401
2015-06-14,2015,6,AR,AR-W,89507.068,0.6351806679267727,281.8138000557158,76.11452172162124,292.3008207667925,282.277745587133,100434.29425521169,286.4896140128308,0.7765500998267078,0.22677258756950813,3.018472375691046,239,67.54401414194024,6,17.8565200009947,318.8553065459237,43.401
2015-06-15,2015,6,AR,AR-W,89507.068,0.6351806679267727,277.31822547792507,67.04549164709121,291.64172408503885,278.1226638564658,101297.91940276623,284.11065092277664,2.514570951461792e-06,1.3208090827128316,1.135739779963523,239,67.54401414194024,6,17.8565200009947,318.8553065459237,43.401
2015-06-16,2015,6,AR,AR-W,89507.068,0.6351806679267727,278.7895536124227,67.8072452886679,292.9803207967502,279.96793144848226,100996.86329865023,285.13576378017723,0.0,-0.9593874103899505,-2.943152944987989,239,67.54401414194024,6,17.8565200009947,318.8553065459237,43.401
2015-06-17,2015,6,AR,AR-W,89507.068,0.6351806679267727,282.50702747395485,79.07753280682172,289.73467023948825,283.3853820875095,100690.20558377756,286.1429704943793,6.453816852109286,-1.2566833051457333,0.17493358285370517,239,67.54401414194024,6,17.8565200009947,318.8553065459237,43.401
2015-06-18,2015,6,AR,AR-W,89507.068,0.6351806679267727,279.84175615015556,74.8616236090979,287.3142678870888,280.3588337330423,101724.2581011129,284.4164130912155,1.0136281686457802,-0.7077938661527098,5.634909640017262,239,67.54401414194024,6,17.8565200009947,318.8553065459237,43.401
2015-06-19,2015,6,AR,AR-W,89507.068,0.6351806679267727,274.97074119901833,70.93012572379227,287.72906645486927,274.73496306921726,102187.30620039755,280.3251437550663,0.0,-2.55951735492188,0.7606997016129001,239,67.54401414194024,6,17.8565200009947,318.8553065459237,43.401
2015-06-20,2015,6,AR,AR-W,89507.068,0.6351806679267727,280.35431508603875,78.28869333564465,293.74681675668455,277.1606445711255,101343.64298239177,284.2549359468352,0.017528113919962587,-1.8085993963231837,-2.434173423040859,239,67.54401414194024,6,17.8565200009947,318.8553065459237,43.401
2015-06-21,2015,6,AR,AR-W,89507.068,0.6351806679267727,286.71580458970294,84.14498533394293,295.49188644138195,285.6932041788778,101197.90921640211,289.59198484076956,0.13482524647374172,-0.35841417416347826,-0.927465480430638,239,67.54401414194024,6,17.8565200009947,318.8553065459237,43.401
2015-06-22,2015,6,AR,AR-W,89507.068,0.6351806679267727,288.150275671589,90.3196021636185,292.70380958103544,287.3069454627442,101140.74834766806,289.7752363886127,10.50232776186567,-1.144105656171288,0.7098942178665422,239,67.54401414194024,6,17.8565200009947,318.8553065459237,43.401
2015-06-23,2015,6,AR,AR-W,89507.068,0.6351806679267727,282.28215825456465,79.08470514498484,289.45093100780525,283.05080805642166,101757.24727604196,285.99573943107595,9.402572010982464,-3.624671061446648,4.237611484363326,239,67.54401414194024,6,17.8565200009947,318.8553065459237,43.401
2015-06-24,2015,6,AR,AR-W,89507.068,0.6351806679267727,282.2837825937593,82.84777013781995,287.4779632055412,283.2270778260194,101731.72293442268,285.15943099940233,4.031491082930198,-4.236345162745387,0.9592660341995721,239,67.54401414194024,6,17.8565200009947,318.8553065459237,43.401
2015-06-25,2015,6,AR,AR-W,89507.068,0.6351806679267727,287.814679954145,87.08173302661284,296.6709721522141,286.12708825459566,101542.08137560694,290.19111300520166,0.0015289507136558658,-3.510630806862985,-1.9270255685670354,239,67.54401414194024,6,17.8565200009947,318.8553065459237,43.401
2015-06-26,2015,6,AR,AR-W,89507.068,0.6351806679267727,288.55957265157065,82.836962057077,296.9992334073913,288.1816034146525,101638.4384377598,291.70858553126106,0.0026410494745131683,-2.794511098324165,-2.1956132869861493,239,67.54401414194024,6,17.8565200009947,318.8553065459237,43.401
2015-06-27,2015,6,AR,AR-W,89507.068,0.6351806679267727,289.3040077901407,79.12915391974924,298.7008446280332,289.65489459775534,101434.74251694554,293.241074525539,0.11303606829199161,-2.632327954042848,-2.6879440749272843,239,67.54401414194024,6,17.8565200009947,318.8553065459237,43.401
2015-06-28,2015,6,AR,AR-W,89507.068,0.6351806679267727,289.44356349585496,80.74893392760065,297.945580424652,289.5065221422293,100945.33797240636,293.02027540529184,0.26044325176839955,-1.9186326657294825,-3.421277875832865,239,67.54401414194024,6,17.8565200009947,318.8553065459237,43.401
2015-06-29,2015,6,AR,AR-W,89507.068,0.6351806679267727,289.7268987489,91.28763552386016,293.52087851216953,289.5572029000938,100456.86267780776,291.1908505942677,33.78018819357337,-1.7329293243189192,-3.504897443048954,239,67.54401414194024,6,17.8565200009947,318.8553065459237,43.401
2015-06-30,2015,6,AR,AR-W,89507.068,0.6351806679267727,288.13298000592374,86.29451066787591,294.67570975926066,288.30587362004053,100578.45337742018,290.6395734295452,2.1049095961051365,1.3643742143557325,1.5301676661107135,239,67.54401414194024,6,17.8565200009947,318.8553065459237,43.401
2015-07-01,2015,7,AR,AR-W,89507.068,0.5838047401262799,285.00244931613366,86.12620364724808,293.3260456331481,282.89671784253824,101126.0957032409,287.50610536440627,0.0008516719540125428,-1.1305285400953327,1.0349449583932129,239,67.54401414194024,6,17.8565200009947,318.8553065459237,43.401
2015-07-02,2015,7,AR,AR-W,89507.068,0.5838047401262799,285.2155840446016,90.19220085991951,290.28234089149413,283.87574650433174,100793.28692527987,286.83730023211837,1.197315585692925,-2.6943243822774177,0.2802307751381278,239,67.54401414194024,6,17.8565200009947,318.8553065459237,43.401
2015-07-03,2015,7,AR,AR-W,89507.068,0.5838047401262799,284.5296504616616,83.38207999488034,289.6684841720835,283.48780852026255,100736.63582391085,287.48880977214856,0.3541510285001056,1.8946232477248033,4.2398805450485435,239,67.54401414194024,6,17.8565200009947,318.8553065459237,43.401
2015-07-04,2015,7,AR,AR-W,89507.068,0.5838047401262799,277.34397496405103,76.11225193385965,285.49769820845256,277.3570639101705,101701.47000189316,281.4725807254739,0.011244534382146018,0.25807840950586974,2.8199411761826547,239,67.54401414194024,6,17.8565200009947,318.8553065459237,43.401
2015-07-05,2015,7,AR,AR-W,89507.068,0.5838047401262799,277.8442266801477,77.73967393519271,289.14796391384203,277.15827950232165,101278.88790545004,281.90147435609185,0.0005392664948886225,-2.8142302451468186,-1.378280209765823,239,67.54401414194024,6,17.8565200009947,318.8553065459237,43.401
2015-07-06,2015,7,AR,AR-W,89507.068,0.5838047401262799,283.6801839802322,81.72124113859613,290.1886375714078,283.41442555713417,100695.34532762662,286.7902462855011,0.7432002901719857,-2.079679494052939,-0.639039721019752,239,67.54401414194024,6,17.8565200009947,318.8553065459237,43.401
2015-07-07,2015,7,AR,AR-W,89507.068,0.5838047401262799,286.05925039721956,87.69401473257292,290.4628797307845,286.26406124282886,100797.0509772933,288.14712185198954,3.367160811912217,-1.1293992517750988,3.5604997579336453,239,67.54401414194024,6,17.8565200009947,318.8553065459237,43.401
2015-07-08,2015,7,AR,AR-W,89507.068,0.5838047401262799,285.2772505995199,86.4700339290471,290.82797874418515,284.8658034271458,100787.47810439802,287.5742372069993,1.9957657613531932,-1.9309606129004766,2.580066577275347,239,67.54401414194024,6,17.8565200009947,318.8553065459237,43.401
2015-07-09,2015,7,AR,AR-W,89507.068,0.5838047401262799,286.5840063673403,86.90650392238585,291.5982607108379,286.74352051749133,100689.10423680916,288.8398225370479,0.4314435396001406,-0.3698007451096788,-1.3214546117004864,239,67.54401414194024,6,17.8565200009947,318.8553065459237,43.401
2015-07-10,2015,7,AR,AR-W,89507.068,0.5838047401262799,287.2426618854838,87.60852735760184,292.95556740042286,285.8567154221574,100692.1628437834,289.38537532767646,1.9249859243995768,-2.686394658537286,-0.9770964596980524,239,67.54401414194024,6,17.8565200009947,318.8553065459237,43.401
2015-07-11,2015,7,AR,AR-W,89507.068,0.5838047401262799,288.8009843476816,88.54837943518675,294.11690587261637,288.5153641641553,100617.15382509501,290.7750564260721,0.6993619940998864,-2.1579005619568643,-0.06635633566243637,239,67.54401414194024,6,17.8565200009947,318.8553065459237,43.401
2015-07-12,2015,7,AR,AR-W,89507.068,0.5838047401262799,290.45856451315603,89.04053446305029,296.48513674862045,289.90584408829795,99922.36778119799,292.40512704121386,1.4137477217992287,-1.6566531091296568,-3.207083281261687,239,67.54401414194024,6,17.8565200009947,318.8553065459237,43.401
2015-07-13,2015,7,AR,AR-W,89507.068,0.5838047401262799,290.1701676641214,91.76736000631224,294.2626751879723,288.4302858797976,99528.85493003688,291.54794385021546,23.936211203321808,-0.42594876701671913,1.691134320007649,239,67.54401414194024,6,17.8565200009947,318.8553065459237,43.401
2015-07-14,2015,7,AR,AR-W,89507.068,0.5838047401262799,281.24728323681626,75.43959725151971,289.25052531940696,282.8511603375175,100758.35248912364,285.8376461010247,1.6027121224175178,-0.10754305092530499,5.328713666332824,239,67.54401414194024,6,17.8565200009947,318.8553065459237,43.401
2015-07-15,2015,7,AR,AR-W,89507.068,0.5838047401262799,276.62661989940096,63.08481330048832,290.09958070982816,279.6588776120522,101643.26598599808,284.00436698259693,0.0023255975667072835,-2.2590229625464566,2.3636265384734587,239,67.54401414194024,6,17.8565200009947,318.8553065459237,43.401
2015-07-16,2015,7,AR,AR-W,89507.068,0.5838047401262799,279.87150249831234,79.30443824285643,289.3202148317873,278.81162446070675,101507.50940219083,283.41116238846837,0.006367267018904585,-2.3869281654163332,1.2820306918396018,239,67.54401414194024,6,17.8565200009947,318.8553065459237,43.401
2015-07-17,2015,7,AR,AR-W,89507.068,0.5838047401262799,283.3068609743479,84.5461409333616,289.758855890504,283.33358491409456,101511.39328631696,286.01715964339786,0.06479358075106624,-0.607040954549924,1.38922022518007,239,67.54401414194024,6,17.8565200009947,318.8553065459237,43.401
2015-07-18,2015,7,AR,AR-W,89507.068,0.5838047401262799,284.7796441277732,86.9555305014352,294.12441607875905,281.5600715053119,101025.9415716688,287.04178134487495,0.2718814037080444,-2.422849882602719,-1.8506649265438269,239,67.54401414194024,6,17.8565200009947,318.8553065459237,43.401
2015-07-19,2015,7,AR,AR-W,89507.068,0.5838047401262799,290.75803100600444,89.12222478430147,295.74973579012953,290.39352558278955,100469.93524260182,292.6590443721198,19.926021257332703,0.07183639043314001,-1.8332394775032625,239,67.54401414194024,6,17.8565200009947,318.8553065459237,43.401
2015-07-20,2015,7,AR,AR-W,89507.068,0.5838047401262799,285.54471823446545,80.7394219779006,292.59745527841676,284.7836847814507,100910.48504618728,289.17742603725907,21.35686434431967,0.08430239586434563,5.748692613256338,239,67.54401414194024,6,17.8565200009947,318.8553065459237,43.401
2015-07-21,2015,7,AR,AR-W,89507.068,0.5838047401262799,277.97226023924645,76.15709296707513,287.1234635712592,277.7997689951469,101772.34096850496,282.2301629271453,0.0004996077517706756,-0.39914707088921625,2.9019089294575924,239,67.54401414194024,6,17.8565200009947,318.8553065459237,43.401
2015-07-22,2015,7,AR,AR-W,89507.068,0.5838047401262799,278.7463275999824,78.60178754282094,289.9461660242961,277.5161763826911,101580.2066969323,282.650785144947,0.0018163409933484118,-1.755231010745339,0.3303964575294615,239,67.54401414194024,6,17.8565200009947,318.8553065459237,43.401
2015-07-23,2015,7,AR,AR-W,89507.068,0.5838047401262799,282.24450993627113,82.10363687639385,290.70603009327186,281.4589344814696,101467.57809669549,285.3724442801622,0.3566445934921927,-1.2317450794721503,1.4647142548580245,239,67.54401414194024,6,17.8565200009947,318.8553065459237,43.401
2015-07-24,2015,7,AR,AR-W,89507.068,0.5838047401262799,283.1932200493959,85.29545942385712,291.1262033880197,281.8336780899499,101532.53438066084,285.7793811776118,0.06502577890903899,-0.28703470944735926,2.2299909824967314,239,67.54401414194024,6,17.8565200009947,318.8553065459237,43.401
2015-07-25,2015,7,AR,AR-W,89507.068,0.5838047401262799,284.1378595350246,86.5050385439688,292.44530218126306,282.56144242281863,101476.82046423054,286.5413440138609,0.005707536540452456,-2.287655798295843,0.758239249061821,239,67.54401414194024,6,17.8565200009947,318.8553065459237,43.401
2015-07-26,2015,7,AR,AR-W,89507.068,0.5838047401262799,285.08292484844196,82.34577046331988,295.31297134677624,283.24234312206676,101178.96194323694,288.3487759852002,0.013277511430281759,-2.7780784343380307,-0.7964272614153721,239,67.54401414194024,6,17.8565200009947,318.8553065459237,43.401
2015-07-27,2015,7,AR,AR-W,89507.068,0.5838047401262799,286.57905296674136,78.99713679920718,298.4877851413365,285.15409004713024,100754.07754684617,290.640320184006,-2.514570951461792e-06,-2.725797586793066,-2.275855944605814,239,67.54401414194024,6,17.8565200009947,318.8553065459237,43.401
2015-07-28,2015,7,AR,AR-W,89507.068,0.5838047401262799,289.5224718607158,75.50070888948007,300.2911227084029,290.48992675683365,100473.47208180829,294.22944205652806,0.004748009724287279,-2.354254379945504,-3.935856867107009,239,67.54401414194024,6,17.8565200009947,318.8553065459237,43.401
2015-07-29,2015,7,AR,AR-W,89507.068,0.5838047401262799,290.6107967481156,75.0082230127177,300.78418635580005,292.1922363473377,100747.89581701571,295.4312389274317,0.038296341372896885,-1.2546803776656903,-3.243755689109525,239,67.54401414194024,6,17.8565200009947,318.8553065459237,43.401
2015-07-30,2015,7,AR,AR-W,89507.068,0.5838047401262799,290.8863022920885,70.85615316240661,303.06891420240544,292.787017561261,100740.18811782644,296.89056536864854,0.028104860304170073,-2.597375235853791,-3.591638200815622,239,67.54401414194024,6,17.8565200009947,318.8553065459237,43.401
2015-07-31,2015,7,AR,AR-W,89507.068,0.5838047401262799,290.1200382173532,69.30598130423543,300.6044512913716,293.1062274544753,100365.05801698819,296.20868527935266,0.16596602414142078,-0.9039905472997811,-3.949586999687523,239,67.54401414194024,6,17.8565200009947,318.8553065459237,43.401
2015-08-01,2015,8,AR,AR-W,89507.068,0.5871539983118951,289.4337446295805,77.03783448149426,300.27411580696065,289.96113441695195,100621.23286372646,293.85892853745645,0.2264359218102217,-3.163674932446042,0.1812246866521549,239,67.54401414194024,6,17.8565200009947,318.8553065459237,43.401
2015-08-02,2015,8,AR,AR-W,89507.068,0.5871539983118951,289.6459925185333,61.969248828342444,303.7174844004914,294.28412557711704,100051.0240954631,297.70599190053275,0.016579611245501828,-0.3878490256749128,-5.27049335264399,239,67.54401414194024,6,17.8565200009947,318.8553065459237,43.401
2015-08-03,2015,8,AR,AR-W,89507.068,0.5871539983118951,290.391657742793,68.84890946480598,301.43997494350396,292.3228647832795,100297.71523421259,296.70057441234275,0.05395472144687349,-0.1777212474341165,-1.032577603363536,239,67.54401414194024,6,17.8565200009947,318.8553065459237,43.401
2015-08-04,2015,8,AR,AR-W,89507.068,0.5871539983118951,291.0370733119844,84.15314886667873,296.64246186837937,291.186006733051,100581.73493111333,293.88791898874786,10.089952767112067,-3.447921193562203,0.538360688012088,239,67.54401414194024,6,17.8565200009947,318.8553065459237,43.401
2015-08-05,2015,8,AR,AR-W,89507.068,0.5871539983118951,291.39515373736117,82.17342955878985,300.0598446680105,291.64477790007356,100308.93876047726,294.84421768274547,7.8181071891175815,-3.8572421398469823,-1.591813988567227,239,67.54401414194024,6,17.8565200009947,318.8553065459237,43.401
2015-08-06,2015,8,AR,AR-W,89507.068,0.5871539983118951,290.29879840493527,60.58372172664094,304.41639381313973,295.0097074853612,99470.5546589635,298.7508356799321,1.3681140790191264e-05,-1.4565172926057868,-7.121226960706291,239,67.54401414194024,6,17.8565200009947,318.8553065459237,43.401
2015-08-07,2015,8,AR,AR-W,89507.068,0.5871539983118951,291.2775591248574,60.9816785505811,303.89844567088807,296.7426582649539,99380.11041089745,299.62213984661224,0.46936457435119033,-0.316901386955977,-4.828851157084705,239,67.54401414194024,6,17.8565200009947,318.8553065459237,43.401
2015-08-08,2015,8,AR,AR-W,89507.068,0.5871539983118951,292.5462160490538,66.3897107002322,305.28615403270214,295.7093821384704,99801.85328095303,299.7949003974184,0.15148225001120813,-2.6743694390764614,-3.927835846064796,239,67.54401414194024,6,17.8565200009947,318.8553065459237,43.401
2015-08-09,2015,8,AR,AR-W,89507.068,0.5871539983118951,289.37975294286815,50.324792678995415,305.89371863270736,297.4538135051642,99814.09617699296,300.966727817583,0.0005361264299513032,-3.1485574745668843,-6.979678839567247,239,67.54401414194024,6,17.8565200009947,318.8553065459237,43.401
2015-08-10,2015,8,AR,AR-W,89507.068,0.5871539983118951,287.0513089329469,72.23436136000487,299.30051906653875,287.64675998025024,100413.21737932079,292.59682300701525,8.569645112551138,0.08931908092831088,-0.2682001422414758,239,67.54401414194024,6,17.8565200009947,318.8553065459237,43.401
2015-08-11,2015,8,AR,AR-W,89507.068,0.5871539983118951,288.0229811201952,86.59081273826925,294.4853740242858,287.8064051337711,101015.40343579242,290.3399846887562,9.650413807020316,-1.6926303540661294,2.039803555102319,239,67.54401414194024,6,17.8565200009947,318.8553065459237,43.401
2015-08-12,2015,8,AR,AR-W,89507.068,0.5871539983118951,289.92238845276916,89.16467316841631,296.0659376011754,289.6122587969433,100721.49720876079,291.97757531764364,15.562040005159128,-0.35013106366075136,1.3130677023652182,239,67.54401414194024,6,17.8565200009947,318.8553065459237,43.401
2015-08-13,2015,8,AR,AR-W,89507.068,0.5871539983118951,287.6620429258147,92.41741158203877,291.9114632440829,287.0406581468349,100901.86841155266,288.9222279740264,18.586641184234978,3.2431634224536623,0.8785258915895254,239,67.54401414194024,6,17.8565200009947,318.8553065459237,43.401
2015-08-14,2015,8,AR,AR-W,89507.068,0.5871539983118951,285.65471621483505,92.3705258809638,288.5554299632945,285.8448279735885,101037.6688178843,286.89073615253426,14.58290863900041,1.286660462515211,1.7738975095884837,239,67.54401414194024,6,17.8565200009947,318.8553065459237,43.401
2015-08-15,2015,8,AR,AR-W,89507.068,0.5871539983118951,283.8981324456583,85.04296211698802,289.8909787851337,284.04833532511105,101102.53481822026,286.5314947659481,6.393028337663539,0.862751104127021,2.498256681306971,239,67.54401414194024,6,17.8565200009947,318.8553065459237,43.401
2015-08-16,2015,8,AR,AR-W,89507.068,0.5871539983118951,284.253828023897,84.44066447817335,290.97376515079844,283.0413517832735,101202.97523775762,286.9004460549051,5.872988678757674,-2.707360796855621,2.0294634384327854,239,67.54401414194024,6,17.8565200009947,318.8553065459237,43.401
2015-08-17,2015,8,AR,AR-W,89507.068,0.5871539983118951,289.4494668337854,93.2667292488647,292.32697861244304,289.32009397858917,100565.3075840689,290.65283160893034,33.841936559281216,-1.6888733437740497,0.30517983299427776,239,67.54401414194024,6,17.8565200009947,318.8553065459237,43.401
2015-08-18,2015,8,AR,AR-W,89507.068,0.5871539983118951,288.1784377619469,95.51105432707254,291.3281425634216,287.5937581301059,100557.87520996355,288.9335917054654,28.00585506379921,2.562102548501044,0.3823677040972017,239,67.54401414194024,6,17.8565200009947,318.8553065459237,43.401
2015-08-19,2015,8,AR,AR-W,89507.068,0.5871539983118951,284.76972609613574,80.57552706045306,293.89263106901944,284.13025183104736,101143.3641292243,288.4907706919366,0.036245335392176455,0.8051552941281112,2.634767011568226,239,67.54401414194024,6,17.8565200009947,318.8553065459237,43.401
2015-08-20,2015,8,AR,AR-W,89507.068,0.5871539983118951,284.3009986675795,81.13430128830687,292.25306131075513,284.220008229759,101357.94142550633,287.610830724002,0.3513028732848175,-2.9196138840329997,1.3254178477785417,239,67.54401414194024,6,17.8565200009947,318.8553065459237,43.401
2015-08-21,2015,8,AR,AR-W,89507.068,0.5871539983118951,285.5170226659273,80.1485713919945,296.7980546538377,283.8238651026184,100870.19527677135,289.3742030493159,0.0008859072767152503,-2.2683210582781865,-0.4108296691123593,239,67.54401414194024,6,17.8565200009947,318.8553065459237,43.401
2015-08-22,2015,8,AR,AR-W,89507.068,0.5871539983118951,288.7659227933439,75.90074746073455,299.1016401125612,289.66408678519156,100077.71872563957,293.3276549564331,2.612592791701477,-1.340880489630095,-2.840721512471664,239,67.54401414194024,6,17.8565200009947,318.8553065459237,43.401
2015-08-23,2015,8,AR,AR-W,89507.068,0.5871539983118951,283.6587888787093,62.86738866736008,294.65349185855473,287.27745169798004,100801.55706229208,291.4096319791417,1.432800297221017,-1.3030131805269474,5.091362739944639,239,67.54401414194024,6,17.8565200009947,318.8553065459237,43.401
2015-08-24,2015,8,AR,AR-W,89507.068,0.5871539983118951,281.1680862101408,71.44859120163741,292.45688214126204,281.611815617799,101202.50863495388,286.54100163860727,1.6763806343078613e-06,-2.8577177481943865,3.066628611172052,239,67.54401414194024,6,17.8565200009947,318.8553065459237,43.401
2015-08-25,2015,8,AR,AR-W,89507.068,0.5871539983118951,284.520283248112,76.68295375411061,297.5376079052044,282.4409333353846,100668.07314085976,288.8691772625877,0.00018219341227849241,-3.0745365201644543,-0.1560319857996272,239,67.54401414194024,6,17.8565200009947,318.8553065459237,43.401
2015-08-26,2015,8,AR,AR-W,89507.068,0.5871539983118951,291.3219587028456,82.49155887273439,299.7346784629398,291.721208922546,100118.89574300645,294.56635660841107,11.313026337309374,-0.417991065810769,-1.421201804754145,239,67.54401414194024,6,17.8565200009947,318.8553065459237,43.401
2015-08-27,2015,8,AR,AR-W,89507.068,0.5871539983118951,285.0731509021139,71.25542139298824,297.68971575162476,285.6428163712754,100953.69050909083,291.552196260033,0.04488109132397671,-0.4055803471390679,2.4099394238256404,239,67.54401414194024,6,17.8565200009947,318.8553065459237,43.401
2015-08-28,2015,8,AR,AR-W,89507.068,0.5871539983118951,283.3685133815583,62.65669837200263,300.1893590673483,284.77423337313456,101096.67452680478,291.4095268505531,6.705522537231445e-06,-2.3917529593774582,-2.420004595156702,239,67.54401414194024,6,17.8565200009947,318.8553065459237,43.401
2015-08-29,2015,8,AR,AR-W,89507.068,0.5871539983118951,287.5623294725875,63.94332096298517,302.4603946896723,290.2707851768112,100579.9665930595,295.0109164768198,2.514570951461792e-06,-0.4178480936690912,-5.059229907969962,239,67.54401414194024,6,17.8565200009947,318.8553065459237,43.401
2015-08-30,2015,8,AR,AR-W,89507.068,0.5871539983118951,289.76089927409157,64.24040613680461,306.0917129729574,291.28604486670145,100507.16168074773,297.4991028172786,-3.3527612686157227e-06,-1.268783917249775,-4.055106778895901,239,67.54401414194024,6,17.8565200009947,318.8553065459237,43.401
2015-08-31,2015,8,AR,AR-W,89507.068,0.5871539983118951,291.3161110032614,62.297592170258504,307.99232193267756,293.3812990840543,100437.10311112615,299.54321692894314,0.0034162865314107593,-0.38057630174532364,-3.1487846121146825,239,67.54401414194024,6,17.8565200009947,318.8553065459237,43.401
2015-09-01,2015,9,AR,AR-W,89507.068,0.5969532263390421,285.96625896303635,67.72160370499336,300.2347352141798,287.73611743644034,101266.84963501139,292.2151129316417,3.375815258935504,-3.9552691893119616,5.224213507507224,239,67.54401414194024,6,17.8565200009947,318.8553065459237,43.401
2015-09-02,2015,9,AR,AR-W,89507.068,0.5969532263390421,283.50764149589185,68.04827447822656,295.64872720764487,285.1348621957253,101182.73003397463,289.5594342267944,0.05168034787739888,-3.5938365630287303,2.750106854648921,239,67.54401414194024,6,17.8565200009947,318.8553065459237,43.401
2015-09-03,2015,9,AR,AR-W,89507.068,0.5969532263390421,284.7107151414617,69.96028682355066,294.6282302431407,287.58149066183483,101077.21999794908,290.4139491724288,0.5141622624031734,-0.5015181808491914,4.581447506875599,239,67.54401414194024,6,17.8565200009947,318.8553065459237,43.401
2015-09-04,2015,9,AR,AR-W,89507.068,0.5969532263390421,281.8268218149501,70.42775479369101,293.8896085319194,282.3108750037626,101355.98280688545,287.6105575312299,0.0028980242037216267,-1.0359946340101238,3.575832774182173,239,67.54401414194024,6,17.8565200009947,318.8553065459237,43.401
2015-09-05,2015,9,AR,AR-W,89507.068,0.5969532263390421,281.4710440402601,69.52423814145871,294.5839524083037,281.3702934615406,101420.81486481593,287.5658746800809,0.0001207755731100451,-1.671049138071871,2.6242576643489146,239,67.54401414194024,6,17.8565200009947,318.8553065459237,43.401
2015-09-06,2015,9,AR,AR-W,89507.068,0.5969532263390421,281.38124731455457,66.38478363568318,295.30595071421817,281.3183607452729,100924.64474190955,288.14063880604584,0.000486314616880104,-2.9388816729148126,0.6610366886113195,239,67.54401414194024,6,17.8565200009947,318.8553065459237,43.401
2015-09-07,2015,9,AR,AR-W,89507.068,0.5969532263390421,282.8475099062773,66.56203230324368,297.03656727790315,283.9331484547262,100057.95535177359,289.4741504902778,0.09725370019600842,-3.45439943835664,-0.3831403735021033,239,67.54401414194024,6,17.8565200009947,318.8553065459237,43.401
2015-09-08,2015,9,AR,AR-W,89507.068,0.5969532263390421,284.61104751263383,68.52218130321498,298.141329921254,285.62005566749184,99959.77116734163,291.1229711021571,0.0009340752918903126,-0.7351429972138505,3.043160026477168,239,67.54401414194024,6,17.8565200009947,318.8553065459237,43.401
2015-09-09,2015,9,AR,AR-W,89507.068,0.5969532263390421,285.0460069528021,69.51419146754628,299.693337127999,283.8233606998148,100215.51505171828,291.4030004443455,-1.6763806343078613e-06,-2.0841792169656332,-1.082997385548195,239,67.54401414194024,6,17.8565200009947,318.8553065459237,43.401
2015-09-10,2015,9,AR,AR-W,89507.068,0.5969532263390421,284.45405764488294,76.3440369022641,293.15394872230496,285.34889557687706,100257.11479368356,288.7107017223912,7.425909267971113,-0.5536810588130331,3.34672046619444,239,67.54401414194024,6,17.8565200009947,318.8553065459237,43.401
2015-09-11,2015,9,AR,AR-W,89507.068,0.5969532263390421,275.51692553422373,55.170053391439055,291.4276474297185,279.05630509839335,101290.4780030123,285.15398323923205,0.04296643934825781,1.5646125872290821,4.133220979137502,239,67.54401414194024,6,17.8565200009947,318.8553065459237,43.401
2015-09-12,2015,9,AR,AR-W,89507.068,0.5969532263390421,275.1132579535439,57.04443223921607,294.60162889299676,275.1126559341844,101505.26695113437,284.60312386191197,4.190951585769653e-06,-0.8387687969076117,0.05747128814839846,239,67.54401414194024,6,17.8565200009947,318.8553065459237,43.401
2015-09-13,2015,9,AR,AR-W,89507.068,0.5969532263390421,278.50844299240276,54.95815224598262,297.7777359426577,280.5509564899922,101420.40668895142,288.68812596560747,5.867332220077515e-06,0.17026035581074478,-2.6343232231871663,239,67.54401414194024,6,17.8565200009947,318.8553065459237,43.401
2015-09-14,2015,9,AR,AR-W,89507.068,0.5969532263390421,279.15297675638277,51.267692783214365,299.6014172492333,282.2543445543431,101019.18011717123,290.6601362124738,0.0,-2.253587985273111,-2.920825780160199,239,67.54401414194024,6,17.8565200009947,318.8553065459237,43.401
2015-09-15,2015,9,AR,AR-W,89507.068,0.5969532263390421,285.628189851802,53.46205684319204,304.9051637866472,288.86544449351885,100154.18734850141,295.77546378417355,0.01982574636220503,-1.5500442690210523,-4.115051891215091,239,67.54401414194024,6,17.8565200009947,318.8553065459237,43.401
2015-09-16,2015,9,AR,AR-W,89507.068,0.5969532263390421,290.56837864673184,67.66464865408513,302.0019205338868,291.3219841254,99705.87501299217,297.1908751214323,2.0081644279334925,-1.7778694510259707,0.46500607767156915,239,67.54401414194024,6,17.8565200009947,318.8553065459237,43.401
2015-09-17,2015,9,AR,AR-W,89507.068,0.5969532263390421,285.6962278451844,71.22429551948308,296.5475191045076,287.1374742743902,100088.47587437638,291.10236395935385,2.8059826843491864,-3.6178734535459247,4.098890240323255,239,67.54401414194024,6,17.8565200009947,318.8553065459237,43.401
2015-09-18,2015,9,AR,AR-W,89507.068,0.5969532263390421,287.57980841319295,76.6365708087372,296.022888915856,288.66606992751116,100498.40139322991,291.8840875690747,0.6505637098378781,-2.9179672812165163,3.423940196791758,239,67.54401414194024,6,17.8565200009947,318.8553065459237,43.401
2015-09-19,2015,9,AR,AR-W,89507.068,0.5969532263390421,288.7951406909471,78.93287594563701,296.16672627203826,290.0681676255726,100606.35905622657,292.62079578899676,10.296614496006386,-2.731884570942218,2.4096843119740115,239,67.54401414194024,6,17.8565200009947,318.8553065459237,43.401
2015-09-20,2015,9,AR,AR-W,89507.068,0.5969532263390421,289.830149274077,88.30078685715947,294.79069538890167,289.5209996345284,100430.99211650675,291.8486379138675,14.62359657217286,-3.223355643035694,1.5730653314828484,239,67.54401414194024,6,17.8565200009947,318.8553065459237,43.401
2015-09-21,2015,9,AR,AR-W,89507.068,0.5969532263390421,292.94799647087956,83.33838437455516,304.1783125224244,291.1354321541366,99959.30381957325,296.3551491655064,14.469649999679248,-1.9970447929927722,0.6316108441505186,239,67.54401414194024,6,17.8565200009947,318.8553065459237,43.401
2015-09-22,2015,9,AR,AR-W,89507.068,0.5969532263390421,294.2236326529971,82.53576060440876,302.0244600844649,294.133650605098,99889.8570577448,297.60387199570863,13.151922793309966,-1.4788102841610633,1.3350625014872202,239,67.54401414194024,6,17.8565200009947,318.8553065459237,43.401
2015-09-23,2015,9,AR,AR-W,89507.068,0.5969532263390421,293.1654924597855,84.22221676418425,299.8902904575974,293.0631643695062,99734.8298550532,296.177074440756,7.962060045379732,1.6044119942016541,1.0395058710453249,239,67.54401414194024,6,17.8565200009947,318.8553065459237,43.401
2015-09-24,2015,9,AR,AR-W,89507.068,0.5969532263390421,289.8168163912422,91.08518489229223,294.95271089837837,289.7542663264274,99946.53771850123,291.314587729868,26.383546052264464,2.901814540314576,2.494791515629526,239,67.54401414194024,6,17.8565200009947,318.8553065459237,43.401
2015-09-25,2015,9,AR,AR-W,89507.068,0.5969532263390421,287.73978162116276,80.65478206074496,295.02105516774816,289.20129346317924,100636.97226857138,291.33353426292615,0.2942583712505193,0.9473369781483467,4.050868219000188,239,67.54401414194024,6,17.8565200009947,318.8553065459237,43.401
2015-09-26,2015,9,AR,AR-W,89507.068,0.5969532263390421,286.8501565263384,75.61339330279493,296.67067347435517,287.7729852092642,100791.16900163144,291.53202007357373,1.0054298147665148,-0.9983058122789342,3.378758248718119,239,67.54401414194024,6,17.8565200009947,318.8553065459237,43.401
2015-09-27,2015,9,AR,AR-W,89507.068,0.5969532263390421,285.6368641276437,72.68124296624747,296.80388422177157,286.09620174311203,100757.6330637602,291.10425393034933,0.0036093966295642752,-0.3195175599449975,3.3014519460879397,239,67.54401414194024,6,17.8565200009947,318.8553065459237,43.401
2015-09-28,2015,9,AR,AR-W,89507.068,0.5969532263390421,285.3001721780841,67.85351245541806,299.5801121697626,284.5070923969894,100462.94320822445,291.9088426202423,-8.381903171539307e-07,-1.529963093777977,-0.46900655154925963,239,67.54401414194024,6,17.8565200009947,318.8553065459237,43.401
2015-09-29,2015,9,AR,AR-W,89507.068,0.5969532263390421,286.89851063923567,68.18577893463353,298.7023057887211,288.383580279816,100358.03167178304,293.32270746015274,0.08752166500767863,-2.5089954363908227,1.2738453456173389,239,67.54401414194024,6,17.8565200009947,318.8553065459237,43.401
2015-09-30,2015,9,AR,AR-W,89507.068,0.5969532263390421,284.3404518168677,61.390982670052715,298.51806424299457,287.4819927076237,100660.80928372963,292.4908650024363,0.00284275541673553,-3.1838069812641314,3.0151511769102997,239,67.54401414194024,6,17.8565200009947,318.8553065459237,43.401
2015-10-01,2015,10,AR,AR-W,89507.068,0.607245133441376,287.80067365455704,65.53163391238407,302.72138975056976,288.02267241088566,100360.25535070639,294.69372872705304,2.3538229400060264,-3.6473111202465187,-1.1775196743841978,239,67.54401414194024,6,17.8565200009947,318.8553065459237,43.401
2015-10-02,2015,10,AR,AR-W,89507.068,0.607245133441376,290.60994390079964,84.9492734620129,298.145757988852,289.26412192997907,100305.15120136268,293.2852135332178,19.919311643160267,-0.12036732352770549,2.1706400726798325,239,67.54401414194024,6,17.8565200009947,318.8553065459237,43.401
2015-10-03,2015,10,AR,AR-W,89507.068,0.607245133441376,282.28699937070377,73.45003029930534,289.37886570187715,284.81188307257634,101220.53393474931,287.05593466969714,0.035961536805535335,-0.9881433169575693,5.077544151649851,239,67.54401414194024,6,17.8565200009947,318.8553065459237,43.401
2015-10-04,2015,10,AR,AR-W,89507.068,0.607245133441376,280.6679167466837,63.964920682820335,295.07519076576676,282.0741118215684,101222.73088867708,287.92591973096455,1.6763806343078613e-06,-2.659499631950702,1.7917800154954024,239,67.54401414194024,6,17.8565200009947,318.8553065459237,43.401
2015-10-05,2015,10,AR,AR-W,89507.068,0.607245133441376,285.36115852107173,61.46987052409254,300.500143779898,287.8826196567106,100707.74816670499,293.26100000910617,0.001564550006032776,-3.5108795982079215,-0.2541683836582716,239,67.54401414194024,6,17.8565200009947,318.8553065459237,43.401
2015-10-06,2015,10,AR,AR-W,89507.068,0.607245133441376,291.7262628034988,64.00427981026365,306.69945715849695,292.8744748527833,100121.67559703883,299.2652830180657,0.33516982041377663,-2.355005139819431,-1.6937597113834983,239,67.54401414194024,6,17.8565200009947,318.8553065459237,43.401
2015-10-07,2015,10,AR,AR-W,89507.068,0.607245133441376,293.9196098197587,82.64184122324788,301.76647896474094,294.2171266096648,99890.51274258322,297.19867836302586,42.64123587496124,-1.697313528651543,1.0101810250506635,239,67.54401414194024,6,17.8565200009947,318.8553065459237,43.401
2015-10-08,2015,10,AR,AR-W,89507.068,0.607245133441376,290.21440316186823,92.60102039400293,294.23626074779907,289.5691096648019,100048.60220863091,291.45378350959487,41.15699456700078,0.5137270397973888,3.5967328096471785,239,67.54401414194024,6,17.8565200009947,318.8553065459237,43.401
2015-10-09,2015,10,AR,AR-W,89507.068,0.607245133441376,286.54727037002385,89.739238243343,289.9839772664361,286.7526723444018,100525.38674612642,288.2715563297468,12.80092746393562,-3.1176631332953635,5.4850044965871465,239,67.54401414194024,6,17.8565200009947,318.8553065459237,43.401
2015-10-10,2015,10,AR,AR-W,89507.068,0.607245133441376,284.7895237555121,85.59535650808232,288.33981795950154,286.3091115256546,101219.62436175717,287.19780407166013,3.0101227872829237,-2.268211370541234,6.091171426515918,239,67.54401414194024,6,17.8565200009947,318.8553065459237,43.401
2015-10-11,2015,10,AR,AR-W,89507.068,0.607245133441376,285.23601434422943,86.0632152719243,289.19909421555207,286.31154473382844,101330.41284076731,287.56959505778445,0.9152873846194322,-1.0542812420742071,5.345474218567452,239,67.54401414194024,6,17.8565200009947,318.8553065459237,43.401
2015-10-12,2015,10,AR,AR-W,89507.068,0.607245133441376,284.57939120036224,79.46593805413194,293.5205024918163,284.2807811055774,101234.42686006817,288.49665497020106,0.3464453243027382,0.5810356349507066,2.729824375290623,239,67.54401414194024,6,17.8565200009947,318.8553065459237,43.401
2015-10-13,2015,10,AR,AR-W,89507.068,0.607245133441376,285.1240096631735,73.45111324579135,296.6055686430941,284.0448858971734,100771.88904342926,290.3023423255321,0.013408391659727228,-2.655676705930566,-1.718348399931301,239,67.54401414194024,6,17.8565200009947,318.8553065459237,43.401
2015-10-14,2015,10,AR,AR-W,89507.068,0.607245133441376,290.9699291127972,78.23003708575472,303.32579079406105,289.66613777053243,99756.58472272748,295.1331615906794,4.261661909704045,-2.4876194600503316,-2.7167340074460906,239,67.54401414194024,6,17.8565200009947,318.8553065459237,43.401
2015-10-15,2015,10,AR,AR-W,89507.068,0.607245133441376,290.61474115007263,73.85099997517605,299.78638055734217,291.9144028778446,99761.42228355889,295.88516770229336,21.494680619560743,0.6176932683649065,2.6018337645541423,239,67.54401414194024,6,17.8565200009947,318.8553065459237,43.401
2015-10-16,2015,10,AR,AR-W,89507.068,0.607245133441376,283.78519495568514,63.16191239495565,295.1240257022569,287.72211534101706,100993.70792701714,291.1903874926932,0.3479092865173398,-1.9910523494338372,4.811220498473581,239,67.54401414194024,6,17.8565200009947,318.8553065459237,43.401
2015-10-17,2015,10,AR,AR-W,89507.068,0.607245133441376,281.658802049463,59.08145623043928,292.97184648109936,287.1300849731031,101555.71941840326,289.802416889417,0.03869739263920571,-3.2378274737680552,4.659181937891291,239,67.54401414194024,6,17.8565200009947,318.8553065459237,43.401
2015-10-18,2015,10,AR,AR-W,89507.068,0.607245133441376,282.0626592145025,63.214047242979326,295.6873267737293,283.61688320510865,101392.38674867846,289.42963740255976,0.0,-3.6622185656610466,2.3643314469659447,239,67.54401414194024,6,17.8565200009947,318.8553065459237,43.401
2015-10-19,2015,10,AR,AR-W,89507.068,0.607245133441376,288.62010482785365,70.26244949949992,302.59966806655416,288.8048345379218,100249.04359516058,294.3807641455471,4.5774352140623975,-3.5447171732996607,-0.7670560326010595,239,67.54401414194024,6,17.8565200009947,318.8553065459237,43.401
2015-10-20,2015,10,AR,AR-W,89507.068,0.607245133441376,292.30699925321557,73.29902157894492,300.8254678726989,293.97732144372924,99733.21774983109,297.6039875970994,11.784719248529507,0.2923955491900326,1.3465698319749184,239,67.54401414194024,6,17.8565200009947,318.8553065459237,43.401
2015-10-21,2015,10,AR,AR-W,89507.068,0.607245133441376,288.6005981312997,71.16682552868053,299.73145500228856,289.06401329813104,100022.7967100452,294.2404765091536,2.273068809406106,-2.6061753915368255,3.126737841253801,239,67.54401414194024,6,17.8565200009947,318.8553065459237,43.401
2015-10-22,2015,10,AR,AR-W,89507.068,0.607245133441376,289.2324591795989,73.93430628683421,299.5035605741283,289.9396600996846,100247.36326941778,294.3797957240286,0.09338782566798731,-1.654651811904973,3.973122885917238,239,67.54401414194024,6,17.8565200009947,318.8553065459237,43.401
2015-10-23,2015,10,AR,AR-W,89507.068,0.607245133441376,287.94156336649826,68.12397054619876,300.3990361462397,289.5881471597094,100902.50052200878,294.5730008689851,1.119875431577645e-05,-3.383470529238911,3.7809831409674683,239,67.54401414194024,6,17.8565200009947,318.8553065459237,43.401
2015-10-24,2015,10,AR,AR-W,89507.068,0.607245133441376,287.0452200181624,67.43358866436624,299.0476399640499,288.5212883760947,101017.05306440055,293.5817527573883,0.2338087061677736,-5.077707025736735,3.0415316453673613,239,67.54401414194024,6,17.8565200009947,318.8553065459237,43.401
2015-10-25,2015,10,AR,AR-W,89507.068,0.607245133441376,289.011126829155,83.47088394683696,294.7624294332889,289.4395921578804,100619.51944401649,291.9966342647575,31.269847894805505,-4.484344648126822,0.271834029999955,239,67.54401414194024,6,17.8565200009947,318.8553065459237,43.401
2015-10-26,2015,10,AR,AR-W,89507.068,0.607245133441376,291.99707303854603,93.60250533213949,295.57103230847434,291.18092874634704,100528.31198750327,293.0887367695777,12.562817768936092,-2.757141472480922,0.7284451135591687,239,67.54401414194024,6,17.8565200009947,318.8553065459237,43.401
2015-10-27,2015,10,AR,AR-W,89507.068,0.607245133441376,292.66390518593573,81.55081276149414,302.1515830046151,291.5587348056644,100686.9003109316,296.3062492189803,0.4634549911312331,-2.22836883601436,1.9610406421436906,239,67.54401414194024,6,17.8565200009947,318.8553065459237,43.401
2015-10-28,2015,10,AR,AR-W,89507.068,0.607245133441376,292.1267034742819,74.7922418270547,302.26922980350054,291.52143234630825,100755.0086214976,297.12590969733895,0.00438544594002335,-3.0804256937484973,1.1810593146088628,239,67.54401414194024,6,17.8565200009947,318.8553065459237,43.401
2015-10-29,2015,10,AR,AR-W,89507.068,0.607245133441376,292.9043044613469,72.05277479501368,305.7392865900487,291.5802684434342,100407.17139799995,298.67446318860493,0.06730814468317574,-2.1387857960650685,-1.1771172872559363,239,67.54401414194024,6,17.8565200009947,318.8553065459237,43.401
2015-10-30,2015,10,AR,AR-W,89507.068,0.607245133441376,292.57439012205174,84.34621929514788,300.06725773338655,292.11311702022505,100321.2196079505,295.4221082373469,28.902531955961724,-0.5247121618090095,1.8523149623710862,239,67.54401414194024,6,17.8565200009947,318.8553065459237,43.401
2015-10-31,2015,10,AR,AR-W,89507.068,0.607245133441376,290.7285691127786,84.68764172339708,296.4720447882624,291.2520532827235,100694.99140773484,293.48277474299323,0.2346057406284634,-1.2345795114670968,4.053826734785612,239,67.54401414194024,6,17.8565200009947,318.8553065459237,43.401
2015-11-01,2015,11,AR,AR-W,89507.068,0.6444393888487059,288.1784233015776,74.27662250886979,296.83071723598596,289.26851895345857,100819.94500579074,293.0125779221414,0.31226223484073296,-3.627719025051975,3.82070539422037,239,67.54401414194024,6,17.8565200009947,318.8553065459237,43.401
2015-11-02,2015,11,AR,AR-W,89507.068,0.6444393888487059,287.9620336641456,75.87733501002444,295.47225927860507,288.9106126588051,100629.99597194794,292.3610645286713,2.6995680463057963,-3.2128143457283973,3.417563166613815,239,67.54401414194024,6,17.8565200009947,318.8553065459237,43.401
2015-11-03,2015,11,AR,AR-W,89507.068,0.6444393888487059,291.24399444259257,86.5472862991498,296.12124106795784,291.3903305281183,100508.02976030283,293.61127074934296,8.603429714341244,-1.0381029795389758,2.9393592087239195,239,67.54401414194024,6,17.8565200009947,318.8553065459237,43.401
2015-11-04,2015,11,AR,AR-W,89507.068,0.6444393888487059,291.7501913769522,93.45926079818905,294.38560395213295,291.1112697125755,100662.81238353401,292.8487940425365,41.1511226417472,-3.1124370465585107,3.4279747069919226,239,67.54401414194024,6,17.8565200009947,318.8553065459237,43.401
2015-11-05,2015,11,AR,AR-W,89507.068,0.6444393888487059,288.69884669727617,83.27989043382595,295.00541824310903,289.44270278306243,100929.33401650754,291.74092203008735,4.371482318293445,-2.209836430553374,4.205120433925301,239,67.54401414194024,6,17.8565200009947,318.8553065459237,43.401
2015-11-06,2015,11,AR,AR-W,89507.068,0.6444393888487059,286.9242591719704,72.71836938024788,297.50713605541443,287.28164854467116,101220.57451385897,292.4763211080775,0.0364642475092849,-2.4386785698594045,2.2209381187670854,239,67.54401414194024,6,17.8565200009947,318.8553065459237,43.401
2015-11-07,2015,11,AR,AR-W,89507.068,0.6444393888487059,286.25509057654153,66.29682427873632,299.55321287855344,286.8960690952334,100903.39893143633,293.2659881341667,0.2500768021673278,-2.5877225621760345,0.6662765227265618,239,67.54401414194024,6,17.8565200009947,318.8553065459237,43.401
2015-11-08,2015,11,AR,AR-W,89507.068,0.6444393888487059,289.1548289125516,69.41079609795446,301.75225642843714,288.88310267346515,100424.9359441817,295.46319727618106,0.05485329193383844,-1.2931690429443912,-0.5156761420102712,239,67.54401414194024,6,17.8565200009947,318.8553065459237,43.401
2015-11-09,2015,11,AR,AR-W,89507.068,0.6444393888487059,293.3094943529665,76.35962109029612,304.69995692756595,291.09790708792553,100193.31248375968,297.98070089257834,2.2754597041242377,-2.3830930326077993,-2.5038451676046702,239,67.54401414194024,6,17.8565200009947,318.8553065459237,43.401
2015-11-10,2015,11,AR,AR-W,89507.068,0.6444393888487059,295.68062849883654,84.03615168053717,302.1414313296236,295.73806646058944,100168.32967362614,298.6740655175734,57.10417549731261,-1.9679241612719087,-0.4914691515433341,239,67.54401414194024,6,17.8565200009947,318.8553065459237,43.401
2015-11-11,2015,11,AR,AR-W,89507.068,0.6444393888487059,294.584093433155,87.6372674056952,299.41351894109727,294.4217610271678,100407.36935395253,296.83182010196356,31.225174083498896,-2.5317859038035326,0.9242249346182664,239,67.54401414194024,6,17.8565200009947,318.8553065459237,43.401
2015-11-12,2015,11,AR,AR-W,89507.068,0.6444393888487059,295.70411230718133,84.68862150702749,303.72091937621633,295.3197369744009,99952.17082332622,298.63057811102885,17.049501685943866,-2.6669492586078016,-2.6482484899295327,239,67.54401414194024,6,17.8565200009947,318.8553065459237,43.401
2015-11-13,2015,11,AR,AR-W,89507.068,0.6444393888487059,293.2501840724538,77.7586065421152,300.46859764230067,293.51653802514517,99889.76962474754,297.5187358444982,15.60339154334315,2.792190499435151,1.7004559936227903,239,67.54401414194024,6,17.8565200009947,318.8553065459237,43.401
2015-11-14,2015,11,AR,AR-W,89507.068,0.6444393888487059,288.5488140923877,71.26785163050425,300.12167684653934,288.7650321176075,100467.45242434814,294.39103436547896,0.00034555375298121527,-1.4490640748626522,2.8881991380444956,239,67.54401414194024,6,17.8565200009947,318.8553065459237,43.401
2015-11-15,2015,11,AR,AR-W,89507.068,0.6444393888487059,289.46992797362185,68.35660078027892,301.61852514850705,290.60330680969054,100278.03410086416,295.933626177079,0.04295860988304726,-3.82520221148009,0.4739387152458918,239,67.54401414194024,6,17.8565200009947,318.8553065459237,43.401
2015-11-16,2015,11,AR,AR-W,89507.068,0.6444393888487059,292.0379326744417,79.3379872899445,298.68776318035276,293.4767193437125,99889.59922320444,295.86556001606436,14.619671375169458,-2.804669387912484,-1.205721472318253,239,67.54401414194024,6,17.8565200009947,318.8553065459237,43.401
2015-11-17,2015,11,AR,AR-W,89507.068,0.6444393888487059,293.82961594419095,83.077803606383,301.49971010113313,293.95986024870496,99647.01354438881,296.98382021246994,6.7254774655380976,-1.0876850643796308,-0.12192223694662464,239,67.54401414194024,6,17.8565200009947,318.8553065459237,43.401
2015-11-18,2015,11,AR,AR-W,89507.068,0.6444393888487059,293.85327314465286,79.09850953525081,303.3601833660018,293.9150638425123,99763.12010750135,298.0515803911273,0.6253373305911621,-1.1405600737377095,0.30196618556266236,239,67.54401414194024,6,17.8565200009947,318.8553065459237,43.401
2015-11-19,2015,11,AR,AR-W,89507.068,0.6444393888487059,292.4746661063022,86.00519322381656,298.4411875328357,291.78566577320254,99582.1358976881,294.97353191435775,23.195376099515023,-0.5243405763412605,1.065868251012319,239,67.54401414194024,6,17.8565200009947,318.8553065459237,43.401
2015-11-20,2015,11,AR,AR-W,89507.068,0.6444393888487059,285.0531013943261,70.66002246542166,294.8346375775052,286.34494206786,100503.88246031801,290.7366420670856,0.1452229681356262,1.9086748649344458,5.181144272940539,239,67.54401414194024,6,17.8565200009947,318.8553065459237,43.401
2015-11-21,2015,11,AR,AR-W,89507.068,0.6444393888487059,285.2444780321071,67.56413274092297,298.2891073528827,284.6051976878576,100537.33047032761,291.896524685681,0.04979871291871442,-2.5514704903578087,-0.31362810135927865,239,67.54401414194024,6,17.8565200009947,318.8553065459237,43.401
2015-11-22,2015,11,AR,AR-W,89507.068,0.6444393888487059,288.37257436911017,66.9412344604435,302.1775098758631,288.4953905823692,100350.38759038874,295.40493440002143,0.0014960468525631499,-2.172610879917923,1.3912256207767812,239,67.54401414194024,6,17.8565200009947,318.8553065459237,43.401
2015-11-23,2015,11,AR,AR-W,89507.068,0.6444393888487059,289.314558449342,65.98243881847391,301.56784772388625,291.53683531765074,100145.82033314835,296.21451128838265,0.11719661702185047,-3.803817842283801,2.2642802720066473,239,67.54401414194024,6,17.8565200009947,318.8553065459237,43.401
2015-11-24,2015,11,AR,AR-W,89507.068,0.6444393888487059,289.12811076565316,66.17535428013625,301.46657750804354,290.4035762173551,99875.84554408626,295.9050927363531,0.2905542049516037,-3.9617190963406173,2.593645986237945,239,67.54401414194024,6,17.8565200009947,318.8553065459237,43.401
2015-11-25,2015,11,AR,AR-W,89507.068,0.6444393888487059,291.3024214742132,70.39987588192093,304.4312484559051,290.9066054127861,100012.5929094498,297.3401162304475,0.06408207647590038,-3.9185884710430696,1.6571193329209752,239,67.54401414194024,6,17.8565200009947,318.8553065459237,43.401
2015-11-26,2015,11,AR,AR-W,89507.068,0.6444393888487059,294.03671583744455,80.39339530083012,300.93436232279817,295.11828944702467,100050.35723406781,297.7368397407692,18.296334341295843,-4.127129861059128,-0.5110757343706879,239,67.54401414194024,6,17.8565200009947,318.8553065459237,43.401
2015-11-27,2015,11,AR,AR-W,89507.068,0.6444393888487059,295.1456332214938,89.26710880311708,298.7656594326443,295.3183077106269,99785.30527794996,297.0410921527616,40.86905286298402,-0.8043281959142493,-2.0113603236633733,239,67.54401414194024,6,17.8565200009947,318.8553065459237,43.401
2015-11-28,2015,11,AR,AR-W,89507.068,0.6444393888487059,290.5611677156772,72.78473593304744,300.44251407415527,292.5913060054561,100310.1436893077,296.1890088610561,1.0355996203649684,0.2763605807359261,4.537058380314662,239,67.54401414194024,6,17.8565200009947,318.8553065459237,43.401
2015-11-29,2015,11,AR,AR-W,89507.068,0.6444393888487059,286.2263501239741,60.9500581965065,300.1080483046153,288.8607252202194,100883.24284105503,294.78288583517025,-3.3527612686157227e-06,-1.679612189352551,3.2655297344984255,239,67.54401414194024,6,17.8565200009947,318.8553065459237,43.401
2015-11-30,2015,11,AR,AR-W,89507.068,0.6444393888487059,285.24615782839516,57.275012484234665,299.753106577801,288.66035304188756,101010.57265481159,294.4351095340167,0.14030136019595493,-3.176133611759168,1.6344957472890913,239,67.54401414194024,6,17.8565200009947,318.8553065459237,43.401
2015-12-01,2015,12,AR,AR-W,89507.068,0.6405808851896053,289.65020110317266,70.83483821324893,299.46973986919346,291.6698072668759,100602.58445940302,295.30571460129136,5.687400333862909,-2.6149700653307324,0.6955951196665089,239,67.54401414194024,6,17.8565200009947,318.8553065459237,43.401
2015-12-02,2015,12,AR,AR-W,89507.068,0.6405808851896053,293.27973499809,84.38987376965456,299.4451180118389,293.4580859071946,100568.91319712532,296.16612110703215,2.1012244068989747,-3.0496955181397287,0.9197721740951882,239,67.54401414194024,6,17.8565200009947,318.8553065459237,43.401
2015-12-03,2015,12,AR,AR-W,89507.068,0.6405808851896053,294.4312385930197,81.31775388912394,303.00265841510395,294.5079336341404,100330.80769983886,298.0174259231783,8.147924322992372,-2.2421737771536367,-0.3801829995069561,239,67.54401414194024,6,17.8565200009947,318.8553065459237,43.401
2015-12-04,2015,12,AR,AR-W,89507.068,0.6405808851896053,295.045655800369,79.54775733950734,304.20259144536,294.74778378708606,100107.36382877921,299.2222745972078,6.671025089623581,-0.5970449949721844,1.0048229450583008,239,67.54401414194024,6,17.8565200009947,318.8553065459237,43.401
2015-12-05,2015,12,AR,AR-W,89507.068,0.6405808851896053,292.3775264175612,72.31901577505876,302.018961771003,292.8549618776233,100340.9686207738,298.0083663640455,0.24330025182469056,-0.28683278401044676,2.9857952977689557,239,67.54401414194024,6,17.8565200009947,318.8553065459237,43.401
2015-12-06,2015,12,AR,AR-W,89507.068,0.6405808851896053,289.6297811222818,67.35367153468717,301.26501588277074,290.9086893136832,100690.54924399198,296.40735757493223,0.10148884017267606,-1.3986442502546659,3.2485164030611973,239,67.54401414194024,6,17.8565200009947,318.8553065459237,43.401
2015-12-07,2015,12,AR,AR-W,89507.068,0.6405808851896053,286.4785516336396,59.37025178431682,301.2665670836361,287.83978046277423,100587.91218234018,295.364357859659,8.381903171539307e-06,-2.1659918527581334,0.9717764075140334,239,67.54401414194024,6,17.8565200009947,318.8553065459237,43.401
2015-12-08,2015,12,AR,AR-W,89507.068,0.6405808851896053,288.5957097497993,60.49888224358591,304.6608136612013,289.42467223048067,100177.30561296361,297.2508974609447,-4.190951585769653e-06,-1.936848080607118,-1.5326731532215612,239,67.54401414194024,6,17.8565200009947,318.8553065459237,43.401
2015-12-09,2015,12,AR,AR-W,89507.068,0.6405808851896053,292.6975070812671,82.25705653065187,299.6335905840526,292.4303453815531,100102.7665662399,295.9910058134091,18.442233818439487,-1.4799766702885124,1.4705461991558468,239,67.54401414194024,6,17.8565200009947,318.8553065459237,43.401
2015-12-10,2015,12,AR,AR-W,89507.068,0.6405808851896053,290.7943132562167,76.35185904827964,301.32776011764736,290.56891141926474,100352.11292698001,295.6417728085807,0.04969748447448334,0.2313118853347011,1.524168893231456,239,67.54401414194024,6,17.8565200009947,318.8553065459237,43.401
2015-12-11,2015,12,AR,AR-W,89507.068,0.6405808851896053,292.3671840534729,73.38317228770408,303.78232621452736,291.86757242350353,100189.39824122468,297.900070263837,0.03163002201784068,-0.5437887404253189,-1.8138342921270245,239,67.54401414194024,6,17.8565200009947,318.8553065459237,43.401
2015-12-12,2015,12,AR,AR-W,89507.068,0.6405808851896053,295.4136335755028,75.56862158676375,305.8866109787416,294.9481705997903,99790.94111856511,300.273720981602,1.2610274990893888,-1.504945455576239,-3.489546734165067,239,67.54401414194024,6,17.8565200009947,318.8553065459237,43.401
2015-12-13,2015,12,AR,AR-W,89507.068,0.6405808851896053,293.9430517604587,79.30488784158209,302.26501690775694,294.20566879882375,99769.8011023434,297.9560085060321,36.397958579907694,-1.1528662053705883,-2.4312010852261228,239,67.54401414194024,6,17.8565200009947,318.8553065459237,43.401
2015-12-14,2015,12,AR,AR-W,89507.068,0.6405808851896053,294.12141828360814,88.82740718766665,298.2100835416026,293.5835668268514,99736.38509565056,296.0954543062333,31.301814055571363,-2.5006586475932924,-1.2449259931943335,239,67.54401414194024,6,17.8565200009947,318.8553065459237,43.401
2015-12-15,2015,12,AR,AR-W,89507.068,0.6405808851896053,292.7510411039966,77.88673780886914,302.82900630042167,292.91440001857774,100410.29355757593,297.26709523784115,1.2239940954136534,-1.0872651056901557,3.029605949870932,239,67.54401414194024,6,17.8565200009947,318.8553065459237,43.401
2015-12-16,2015,12,AR,AR-W,89507.068,0.6405808851896053,292.3483857709197,67.97802614961935,304.0278061428752,293.6624610684733,100548.54417981046,298.98229353967537,0.015629426988120837,-4.257562895572232,-0.4273252792829912,239,67.54401414194024,6,17.8565200009947,318.8553065459237,43.401
2015-12-17,2015,12,AR,AR-W,89507.068,0.6405808851896053,295.71313669415747,72.6000942140795,305.87588920124256,297.13879077972763,99780.3173588581,301.24630245927636,3.926038459192167,-1.8691685468855868,-4.036324533018847,239,67.54401414194024,6,17.8565200009947,318.8553065459237,43.401
2015-12-18,2015,12,AR,AR-W,89507.068,0.6405808851896053,295.07826080385695,83.53798769842321,301.29802485674026,295.7318722468384,99829.06546269005,298.1742899360527,34.465263853623256,-0.3623766646441519,0.8800174072832463,239,67.54401414194024,6,17.8565200009947,318.8553065459237,43.401
2015-12-19,2015,12,AR,AR-W,89507.068,0.6405808851896053,289.8184674480446,69.4343773508794,299.85794274192557,292.4095780681372,100606.17867851492,296.05244846551295,5.695711090970382,-1.9916031601919357,4.997266337417994,239,67.54401414194024,6,17.8565200009947,318.8553065459237,43.401
2015-12-20,2015,12,AR,AR-W,89507.068,0.6405808851896053,291.10136087681207,70.80457153467069,301.8283404718281,291.983583333749,100660.99067761842,296.8177823857824,0.28809543941910065,-3.148596124212341,1.6130003316063857,239,67.54401414194024,6,17.8565200009947,318.8553065459237,43.401
2015-12-21,2015,12,AR,AR-W,89507.068,0.6405808851896053,295.3211826071386,81.18594341296192,302.38128122881506,296.27849444412965,100173.770952506,298.87907682725705,11.13760074744366,-2.2874163163825543,-1.9317613584295599,239,67.54401414194024,6,17.8565200009947,318.8553065459237,43.401
2015-12-22,2015,12,AR,AR-W,89507.068,0.6405808851896053,296.62984407781437,81.93785242568579,305.1874567457691,296.9025857808394,99828.03341946864,300.1626960884445,15.28837186137753,-1.2205359618408333,-3.5162532940013964,239,67.54401414194024,6,17.8565200009947,318.8553065459237,43.401
2015-12-23,2015,12,AR,AR-W,89507.068,0.6405808851896053,295.30124403166286,84.68735152606375,301.48008919158696,295.8900812752507,99826.69404552659,298.1304434708166,30.117642494024615,-2.6139744453739717,-0.9258544099916365,239,67.54401414194024,6,17.8565200009947,318.8553065459237,43.401
2015-12-24,2015,12,AR,AR-W,89507.068,0.6405808851896053,294.57813702342196,87.9015337901872,300.2299984526788,294.04894942408083,100357.54981054558,296.80005293441315,38.755781084826545,-1.407366635988874,3.2408772882220367,239,67.54401414194024,6,17.8565200009947,318.8553065459237,43.401
2015-12-25,2015,12,AR,AR-W,89507.068,0.6405808851896053,294.43489404225096,82.13315875271347,301.7368555496613,293.5853837057368,100616.96274179446,297.859951701025,0.2475730604585331,-2.5514809191315466,1.2758596782796756,239,67.54401414194024,6,17.8565200009947,318.8553065459237,43.401
2015-12-26,2015,12,AR,AR-W,89507.068,0.6405808851896053,294.4456238900423,77.54439733179835,303.1342402530295,294.5148293552443,100306.99135738992,298.88028445841115,0.3946495554028528,-2.0264463209002086,0.5282739626412128,239,67.54401414194024,6,17.8565200009947,318.8553065459237,43.401
2015-12-27,2015,12,AR,AR-W,89507.068,0.6405808851896053,296.44916067289347,79.69121324305567,304.5257721916969,296.39831016337973,99948.89800829274,300.398704240163,5.810033344382295,-1.251358312869505,-0.42618125976136473,239,67.54401414194024,6,17.8565200009947,318.8553065459237,43.401
2015-12-28,2015,12,AR,AR-W,89507.068,0.6405808851896053,297.3706513203373,83.85140765270019,303.37801745295155,297.4797388919495,99915.30335231741,300.4299105065179,5.024406851620603,-1.5689463958700864,-1.6753620606367365,239,67.54401414194024,6,17.8565200009947,318.8553065459237,43.401
2015-12-29,2015,12,AR,AR-W,89507.068,0.6405808851896053,297.30183658961226,89.836474523134,301.5730731499876,297.21987369920464,99940.00235275168,299.1395124696088,23.503806976994866,-1.4508190092646605,-1.373819686272217,239,67.54401414194024,6,17.8565200009947,318.8553065459237,43.401
2015-12-30,2015,12,AR,AR-W,89507.068,0.6405808851896053,297.2692392884731,83.66006849121511,304.37242774988295,297.4717725044744,99830.94897746595,300.4553722361879,2.2968038138512816,1.3822861856242685,0.4951749161846646,239,67.54401414194024,6,17.8565200009947,318.8553065459237,43.401
2015-12-31,2015,12,AR,AR-W,89507.068,0.6405808851896053,296.4952312736152,82.64648716387218,303.5384102835115,296.3127127104377,99928.91763257633,299.8509056978089,0.45523435892297703,-0.7315878295075795,1.9152815981457258,239,67.54401414194024,6,17.8565200009947,318.8553065459237,43.401
