Date,Year,Month,country_code,region_code,area_km2,NDVI_d,dewpoint_temperature_2m_d,humidity_d,max_temperature_2m_d,min_temperature_2m_d,surface_pressure_d,temperature_2m_d,total_precipitation_d,u_component_of_wind_10m_d,v_component_of_wind_10m_d,max_elevation_d,mean_elevation_d,min_elevation_d,stdDev_elevation_d,variance_elevation_d
2001-01-01,2001,1,AR,AR-W,89507.068,0.6564629316349051,292.3890599468692,66.66567940332567,304.89739003945834,293.99934395725916,100354.2442479268,299.62586623738594,0.0034371821724540814,-1.8261014449134063,0.383249540146567,239,67.54401414194024,6,17.8565200009947,318.8553065459237
2001-01-02,2001,1,AR,AR-W,89507.068,0.6564629316349051,292.1265550769619,64.19715590743208,305.46673131214214,293.82280630560393,100289.44579367607,299.9815062497796,-1.6763806343078613e-06,-2.1303362977358153,0.21575707356750298,239,67.54401414194024,6,17.8565200009947,318.8553065459237
2001-01-03,2001,1,AR,AR-W,89507.068,0.6564629316349051,293.4912239079691,64.83963171318777,308.23842457132764,293.7552774611367,100160.33571106415,301.1027938961493,0.08795804970217315,-2.4338961734641162,-1.0590295347644472,239,67.54401414194024,6,17.8565200009947,318.8553065459237
2001-01-04,2001,1,AR,AR-W,89507.068,0.6564629316349051,296.7408767068528,69.11259553815074,308.5761038507256,298.74734422212805,100288.35930307879,303.30438914386514,0.7759522857356769,-1.1371560454804022,-1.825687845576075,239,67.54401414194024,6,17.8565200009947,318.8553065459237
2001-01-05,2001,1,AR,AR-W,89507.068,0.6564629316349051,296.0584061775495,70.38068757963985,307.7196502821486,298.3455285230187,100297.03931492027,302.3574787204916,1.4378883362813382,-1.117338395440486,-1.5561564720787848,239,67.54401414194024,6,17.8565200009947,318.8553065459237
2001-01-06,2001,1,AR,AR-W,89507.068,0.6564629316349051,296.61637463892214,71.179602515861,307.6597032895342,298.4624916906345,99833.9713322036,302.57321533757744,2.7404082143073465,-0.9684538886808628,-3.4766870406147348,239,67.54401414194024,6,17.8565200009947,318.8553065459237
2001-01-07,2001,1,AR,AR-W,89507.068,0.6564629316349051,295.77323639972707,74.57382030673344,305.29673352382844,297.4472344376917,99452.05063091149,300.94269187253434,8.586841157142809,-1.5746999180797665,-4.22448791809105,239,67.54401414194024,6,17.8565200009947,318.8553065459237
2001-01-08,2001,1,AR,AR-W,89507.068,0.6564629316349051,295.37724347518684,82.93670154741054,302.0746296543175,295.987135196855,99628.41916032208,298.63535779416145,28.871612709251853,-1.3601041085241163,-2.0620358089069044,239,67.54401414194024,6,17.8565200009947,318.8553065459237
2001-01-09,2001,1,AR,AR-W,89507.068,0.6564629316349051,295.788723898435,84.54102710552739,302.5716714729298,295.6653016247799,99879.82997731927,298.67887967503844,13.361227388969192,-2.3316682323166487,-1.5280289184564275,239,67.54401414194024,6,17.8565200009947,318.8553065459237
2001-01-10,2001,1,AR,AR-W,89507.068,0.6564629316349051,295.0541880127794,86.55713308599834,300.7580254424416,292.2396356553527,99740.24017765002,297.488621355965,29.620802918757523,-0.5994369016605477,-1.1742715194178384,239,67.54401414194024,6,17.8565200009947,318.8553065459237
2001-01-11,2001,1,AR,AR-W,89507.068,0.6564629316349051,285.86379280776816,65.12031008333346,297.37533285221735,288.88658033066116,100828.66106408135,293.0689582604937,0.29264575779774765,-0.4343273309892055,5.763761109054572,239,67.54401414194024,6,17.8565200009947,318.8553065459237
2001-01-12,2001,1,AR,AR-W,89507.068,0.6564629316349051,285.8336067188377,63.30812519916945,299.36343260808843,286.5461465122225,100801.9971296475,293.3385160386919,2.9721431128378463e-05,-3.256091014431358,1.1399556562292767,239,67.54401414194024,6,17.8565200009947,318.8553065459237
2001-01-13,2001,1,AR,AR-W,89507.068,0.6564629316349051,291.6862477950927,74.62690653599226,302.4914891990139,290.81540099060885,100370.5310019878,296.6493103866546,0.6051198904562244,-2.0877751774265945,-0.5997848505088953,239,67.54401414194024,6,17.8565200009947,318.8553065459237
2001-01-14,2001,1,AR,AR-W,89507.068,0.6564629316349051,295.2261661394281,80.74282025876619,303.1977763363164,295.67444001902595,100580.41602687721,298.96400141989295,5.525318275161483,-1.3530836417477188,-1.0700179816329272,239,67.54401414194024,6,17.8565200009947,318.8553065459237
2001-01-15,2001,1,AR,AR-W,89507.068,0.6564629316349051,295.124458349692,80.95607121635331,303.84298022640013,295.0807347586257,100548.80182897966,298.8380642255581,3.5220358308865776,-1.5466003320598325,-0.7931974801358966,239,67.54401414194024,6,17.8565200009947,318.8553065459237
2001-01-16,2001,1,AR,AR-W,89507.068,0.6564629316349051,295.92951591406967,80.66535882409052,304.2064049762622,295.79588592469486,100315.38146803722,299.6739825190772,10.77731464529104,-1.127664145862163,-2.41504916373671,239,67.54401414194024,6,17.8565200009947,318.8553065459237
2001-01-17,2001,1,AR,AR-W,89507.068,0.6564629316349051,296.1404658244666,83.08788250793017,303.3620600257724,296.58175542905843,100204.65005387129,299.3259798854123,5.331108945329722,-0.995845727661892,-3.6341232798151473,239,67.54401414194024,6,17.8565200009947,318.8553065459237
2001-01-18,2001,1,AR,AR-W,89507.068,0.6564629316349051,295.4264631113332,78.45119398782268,303.2089318197681,296.8313874916855,100193.25971052406,299.6754659729856,11.766320137109187,-0.1020260197268577,-3.30599167560493,239,67.54401414194024,6,17.8565200009947,318.8553065459237
2001-01-19,2001,1,AR,AR-W,89507.068,0.6564629316349051,294.7569226516839,87.53198051120577,299.3250061731168,295.1353547083281,100693.53625478852,296.99882532246505,35.662166769764816,-2.0890152143626333,2.070069777634192,239,67.54401414194024,6,17.8565200009947,318.8553065459237
2001-01-20,2001,1,AR,AR-W,89507.068,0.6564629316349051,292.4860618597198,78.02679348134347,301.37718986415604,292.73066269077685,100910.31212740167,296.71469355555604,1.053226547474578,-3.5220693622567447,2.0016766498588274,239,67.54401414194024,6,17.8565200009947,318.8553065459237
2001-01-21,2001,1,AR,AR-W,89507.068,0.6564629316349051,293.0511474736252,74.22318426305169,303.6779609875474,293.07401231273076,100463.39536043194,298.1345969644939,0.6976681895165316,-3.1323176221014326,0.24224223197864925,239,67.54401414194024,6,17.8565200009947,318.8553065459237
2001-01-22,2001,1,AR,AR-W,89507.068,0.6564629316349051,294.63872645935953,84.51602305785272,300.1379394322809,294.57388790697263,100281.56305286533,297.4718914490778,16.006262135151964,-1.9834386521877676,-0.3403867403901598,239,67.54401414194024,6,17.8565200009947,318.8553065459237
2001-01-23,2001,1,AR,AR-W,89507.068,0.6564629316349051,294.83864595182456,85.6362411566109,302.7527628721501,293.6028377050144,100439.14427790167,297.57264728776096,5.5477638444892845,-1.268115229789156,0.2736049707791005,239,67.54401414194024,6,17.8565200009947,318.8553065459237
2001-01-24,2001,1,AR,AR-W,89507.068,0.6564629316349051,296.38209282746544,80.92247027010572,305.3124752788946,295.02589170906003,100511.22975348188,300.2096861623886,0.6865318372676166,-1.1068548970422272,0.6708367896971145,239,67.54401414194024,6,17.8565200009947,318.8553065459237
2001-01-25,2001,1,AR,AR-W,89507.068,0.6564629316349051,296.00672012041804,75.0283137321398,306.4081760494175,295.4620340502147,100421.0551269154,301.26842033185477,0.5062849634430042,-0.5979610627927867,1.0785645215529867,239,67.54401414194024,6,17.8565200009947,318.8553065459237
2001-01-26,2001,1,AR,AR-W,89507.068,0.6564629316349051,296.02868496284856,74.01009066092031,306.1913256485755,296.271270731109,100193.76177976704,301.42189665611573,0.11808740707950574,-1.0552223820655042,-0.48066810639331176,239,67.54401414194024,6,17.8565200009947,318.8553065459237
2001-01-27,2001,1,AR,AR-W,89507.068,0.6564629316349051,296.6321777907446,78.10560169608863,304.8187625207803,295.9126267736481,99931.94042603344,300.8962133744837,4.903810133573644,-0.4017369887579299,-1.7295375905920816,239,67.54401414194024,6,17.8565200009947,318.8553065459237
2001-01-28,2001,1,AR,AR-W,89507.068,0.6564629316349051,294.98102802263696,87.28610276449922,300.65629880419937,294.1367247603514,99815.00187227163,297.3200776304691,26.751253915122984,-1.9916978296134307,-0.7277982698545717,239,67.54401414194024,6,17.8565200009947,318.8553065459237
2001-01-29,2001,1,AR,AR-W,89507.068,0.6564629316349051,293.89903897378747,88.07657437583462,300.4628940298387,293.6200644872658,100070.95839844907,296.1475900177747,17.278340463722355,-2.288897521035819,1.9872167968899386,239,67.54401414194024,6,17.8565200009947,318.8553065459237
2001-01-30,2001,1,AR,AR-W,89507.068,0.6564629316349051,295.32122833909904,82.36370656135034,303.5018753828426,295.23067526248917,99817.13855738103,298.66153175864684,3.751698326322331,-3.021875336085658,-0.5491192415316807,239,67.54401414194024,6,17.8565200009947,318.8553065459237
2001-01-31,2001,1,AR,AR-W,89507.068,0.6564629316349051,297.7151435806284,85.78983432154025,306.43262590486586,296.9409184844149,99683.85321761592,300.4725655781555,17.107971094728136,-1.7507340249220433,-1.7831034035033984,239,67.54401414194024,6,17.8565200009947,318.8553065459237
2001-02-01,2001,2,AR,AR-W,89507.068,0.698760738659644,296.1778412735248,87.36248175890569,301.8423773850582,295.2791394059643,99945.23401168184,298.52080542187196,16.946785059397325,-1.5707576337584672,-0.49833405240458617,239,67.54401414194024,6,17.8565200009947,318.8553065459237
2001-02-02,2001,2,AR,AR-W,89507.068,0.698760738659644,296.8340443335129,83.05418698517984,305.6322325119505,296.39321250709344,99682.65935258838,300.1267343335218,15.211396906982895,-0.22743849799053115,-2.1925307533842537,239,67.54401414194024,6,17.8565200009947,318.8553065459237
2001-02-03,2001,2,AR,AR-W,89507.068,0.698760738659644,296.1523757094461,85.7023915358138,302.23236211405276,296.5154944008246,100029.71453564877,298.82485355713186,12.8590913012723,-2.2730414627116904,1.3114626780406968,239,67.54401414194024,6,17.8565200009947,318.8553065459237
2001-02-04,2001,2,AR,AR-W,89507.068,0.698760738659644,294.5491331503411,81.90379712957052,301.88344116899685,294.9416827279839,100357.05229391552,297.97354164583464,4.183312383712523,-2.551565356435334,1.9959296756903857,239,67.54401414194024,6,17.8565200009947,318.8553065459237
2001-02-05,2001,2,AR,AR-W,89507.068,0.698760738659644,295.6968059554522,83.13275872529178,302.2482219663645,295.8637355961452,100165.99536293761,298.90717514191243,7.416045980602336,-1.5780380284540356,0.18401793650016227,239,67.54401414194024,6,17.8565200009947,318.8553065459237
2001-02-06,2001,2,AR,AR-W,89507.068,0.698760738659644,296.0094982984831,78.96179370916703,306.3911149687161,294.85799438001675,100002.32687612288,300.4398459393557,0.22391303516650016,-0.5537102703428116,-0.6432469740494828,239,67.54401414194024,6,17.8565200009947,318.8553065459237
2001-02-07,2001,2,AR,AR-W,89507.068,0.698760738659644,297.2191209769866,77.51303575326725,306.87329694803776,296.8686298149004,99953.04946532375,301.7771985101086,0.3984552718663134,-1.3680342988304615,-2.39623733756519,239,67.54401414194024,6,17.8565200009947,318.8553065459237
2001-02-08,2001,2,AR,AR-W,89507.068,0.698760738659644,298.2152022585886,77.69986381540285,307.2094525045345,299.3310461686061,99924.52525223463,302.7111600135095,0.11485533954133921,-2.8476042183170396,-2.7227882859882038,239,67.54401414194024,6,17.8565200009947,318.8553065459237
2001-02-09,2001,2,AR,AR-W,89507.068,0.698760738659644,297.09291397659314,75.26050451363459,308.58210288030403,297.1725433407611,99729.53921608659,302.20999502304454,0.03477947541353852,-2.1787068626231663,-3.167593323222217,239,67.54401414194024,6,17.8565200009947,318.8553065459237
2001-02-10,2001,2,AR,AR-W,89507.068,0.698760738659644,298.296081499468,76.40744748886951,307.47452504882517,299.08975816864756,99702.98020820956,303.0337054198304,0.2422743484947816,-1.3878105762573105,-3.1020187985205325,239,67.54401414194024,6,17.8565200009947,318.8553065459237
2001-02-11,2001,2,AR,AR-W,89507.068,0.698760738659644,298.31808481286095,74.37412244628207,309.4122420105535,299.13698752925995,99859.40459326001,303.7733101144413,1.8523339245307087,-0.8806802540913098,-2.47644056910655,239,67.54401414194024,6,17.8565200009947,318.8553065459237
2001-02-12,2001,2,AR,AR-W,89507.068,0.698760738659644,295.1697669571012,84.36098064261913,302.8577249319328,295.0327992261133,100222.54896396324,298.11349433291275,17.993707473849124,-1.7780030876948563,2.914736307758518,239,67.54401414194024,6,17.8565200009947,318.8553065459237
2001-02-13,2001,2,AR,AR-W,89507.068,0.698760738659644,293.58915225416024,78.43340008541907,302.75506405106216,294.5776211808311,100344.02877057409,297.6757711415166,3.4808411483936688,-3.3261027594689416,1.2179027865319165,239,67.54401414194024,6,17.8565200009947,318.8553065459237
2001-02-14,2001,2,AR,AR-W,89507.068,0.698760738659644,295.8194065092861,84.62731316472798,302.50714444289986,295.8634028907427,99984.05434343818,298.70521539156914,10.841234725507928,-1.2453756454909217,1.0390101202065056,239,67.54401414194024,6,17.8565200009947,318.8553065459237
2001-02-15,2001,2,AR,AR-W,89507.068,0.698760738659644,295.08408554320926,81.47805137775865,304.43424599911407,294.66125152147424,99963.20228955381,298.8059743405549,1.74023050473524,-0.5100527827573144,2.0498290454370642,239,67.54401414194024,6,17.8565200009947,318.8553065459237
2001-02-16,2001,2,AR,AR-W,89507.068,0.698760738659644,293.19877149628695,71.83539202623753,304.00303271808446,294.56819808333745,100464.11324807342,299.1275677949167,0.10046029146792784,-2.646601349318927,2.2472625164759936,239,67.54401414194024,6,17.8565200009947,318.8553065459237
2001-02-17,2001,2,AR,AR-W,89507.068,0.698760738659644,291.9690244751374,70.49391632929091,303.53111026838894,292.7996777559803,100602.8400952422,297.9909202293381,0.07652606010667558,-1.991785663925299,1.605910890082703,239,67.54401414194024,6,17.8565200009947,318.8553065459237
2001-02-18,2001,2,AR,AR-W,89507.068,0.698760738659644,293.52393017029294,74.24540711918897,304.6175996024002,294.44313610929015,100482.0867035769,298.7757000656657,4.339458268344207,-0.4657214240301084,1.0240444239846156,239,67.54401414194024,6,17.8565200009947,318.8553065459237
2001-02-19,2001,2,AR,AR-W,89507.068,0.698760738659644,295.40350702218575,78.26810652291383,305.63441568424366,294.51257074089506,100487.49053284801,299.8559016693145,1.4289517870646675,-1.2604382301570611,0.8266193003238774,239,67.54401414194024,6,17.8565200009947,318.8553065459237
2001-02-20,2001,2,AR,AR-W,89507.068,0.698760738659644,295.49607241832695,76.1272534217991,306.021240487223,295.4269385100217,100387.31521003776,300.44191524484995,0.5400431205824927,-2.9720309199959467,-0.27163152803645096,239,67.54401414194024,6,17.8565200009947,318.8553065459237
2001-02-21,2001,2,AR,AR-W,89507.068,0.698760738659644,296.110919579691,80.07206478703968,305.0306733080373,296.3086315494198,100146.53972255113,299.9762605931176,5.7481583620045935,-1.067712931626765,-3.07968738628919,239,67.54401414194024,6,17.8565200009947,318.8553065459237
2001-02-22,2001,2,AR,AR-W,89507.068,0.698760738659644,296.145220136702,81.09617300076142,305.07011503022596,296.3040759331356,100183.85666983428,299.8537193987554,3.1253133051157893,-0.7076420567780478,-2.790973120820546,239,67.54401414194024,6,17.8565200009947,318.8553065459237
2001-02-23,2001,2,AR,AR-W,89507.068,0.698760738659644,296.82415830935355,79.97574404716434,305.190777653504,297.73708091428153,100087.89125697865,300.74440872093584,4.129126812209134,-1.1267832949675265,-3.831452421304582,239,67.54401414194024,6,17.8565200009947,318.8553065459237
2001-02-24,2001,2,AR,AR-W,89507.068,0.698760738659644,296.7046467118983,81.31123470438936,304.43732740267745,297.6019946634892,100224.01414342297,300.27986616096234,13.444582465368157,-0.8459645939771054,-3.0793590849076162,239,67.54401414194024,6,17.8565200009947,318.8553065459237
2001-02-25,2001,2,AR,AR-W,89507.068,0.698760738659644,296.2767182048994,86.03519533121265,303.42386893322083,295.9446212062572,100445.77661595368,298.8913512438643,14.846632792438774,-2.276082708644859,-0.12866878687920336,239,67.54401414194024,6,17.8565200009947,318.8553065459237
2001-02-26,2001,2,AR,AR-W,89507.068,0.698760738659644,296.4665400747549,82.42084312315876,304.44309963029866,295.9748545587362,100385.33198461718,299.9088697764825,2.0499059274917015,-2.2616874919889547,0.048782330723728846,239,67.54401414194024,6,17.8565200009947,318.8553065459237
2001-02-27,2001,2,AR,AR-W,89507.068,0.698760738659644,297.15036156560274,79.88352306386146,306.178442425588,297.045647612262,100436.21102960555,301.195071587492,1.8926617225650102,-2.465567590806307,-0.7765628806346169,239,67.54401414194024,6,17.8565200009947,318.8553065459237
2001-02-28,2001,2,AR,AR-W,89507.068,0.698760738659644,297.39735910227927,76.19718530802211,307.91458600143886,297.7933399916161,100454.46706101146,302.3413962703874,0.4522714822512662,-2.1131342866963507,-2.143732576661376,239,67.54401414194024,6,17.8565200009947,318.8553065459237
2001-03-01,2001,3,AR,AR-W,89507.068,0.6753002013480255,297.2396600447648,73.0503012972898,307.6942275363871,298.722405868832,100317.64859363862,302.84909630739355,0.4819507549008022,-1.3475171502241716,-2.8245598311314373,239,67.54401414194024,6,17.8565200009947,318.8553065459237
2001-03-02,2001,3,AR,AR-W,89507.068,0.6753002013480255,296.57474374224523,72.78461073863623,307.0911668420736,297.9853776357529,100377.85510032772,302.2220054862547,0.3809800992704395,-1.1379869255836492,-2.318955392510985,239,67.54401414194024,6,17.8565200009947,318.8553065459237
2001-03-03,2001,3,AR,AR-W,89507.068,0.6753002013480255,296.6662165440196,70.9733165400452,308.699158781518,298.03352277293203,100370.84421447178,302.85951931550096,0.09571322081847858,-0.9648974172989134,-2.3934629548861204,239,67.54401414194024,6,17.8565200009947,318.8553065459237
2001-03-04,2001,3,AR,AR-W,89507.068,0.6753002013480255,297.16708041333425,70.40446127637767,308.8741238109146,298.6535878012381,100333.13063792727,303.5145290923272,0.16875945442017806,-0.9404506488414064,-2.336299191208302,239,67.54401414194024,6,17.8565200009947,318.8553065459237
2001-03-05,2001,3,AR,AR-W,89507.068,0.6753002013480255,297.3080023701953,72.86992732713553,308.48697380278446,298.20311443113377,100085.63317697811,303.0174652614368,0.8420320170824037,-0.8481894405177592,-1.6944198021981047,239,67.54401414194024,6,17.8565200009947,318.8553065459237
2001-03-06,2001,3,AR,AR-W,89507.068,0.6753002013480255,295.98770840603987,84.07532071683417,302.1343894152373,296.49842310379404,100128.99404469137,299.00975402661646,18.780829118209716,-0.4293139490900244,2.509606369487025,239,67.54401414194024,6,17.8565200009947,318.8553065459237
2001-03-07,2001,3,AR,AR-W,89507.068,0.6753002013480255,294.5913879109964,78.73466097637913,303.36680729813844,295.3720660503341,100437.19804388213,298.75130224978386,1.1553055300840451,-3.3530327754369864,1.5617406588184257,239,67.54401414194024,6,17.8565200009947,318.8553065459237
2001-03-08,2001,3,AR,AR-W,89507.068,0.6753002013480255,295.3678685674446,75.37905357724743,306.52609475599075,295.60670187983493,100321.99543810687,300.3546496538167,0.7871812731236687,-2.3695901965078243,-0.21760429317227833,239,67.54401414194024,6,17.8565200009947,318.8553065459237
2001-03-09,2001,3,AR,AR-W,89507.068,0.6753002013480255,296.81477347256873,77.98387997308299,306.9805867910569,297.0031215030847,100045.5888266448,301.2886971681398,0.908420623303395,-2.0776976183806446,-1.1445878317384146,239,67.54401414194024,6,17.8565200009947,318.8553065459237
2001-03-10,2001,3,AR,AR-W,89507.068,0.6753002013480255,297.28675685320013,76.04927169341533,307.5126173682455,297.7297742652972,99816.87368824979,302.2224837877108,0.6807281997953334,-2.105372326716168,-1.3290878125820582,239,67.54401414194024,6,17.8565200009947,318.8553065459237
2001-03-11,2001,3,AR,AR-W,89507.068,0.6753002013480255,296.0280656646349,74.82174323464943,304.89219957344767,297.5043507260098,100198.76090998432,301.12281845082805,0.19200473607912666,-3.5625793153843013,1.1638128926074007,239,67.54401414194024,6,17.8565200009947,318.8553065459237
2001-03-12,2001,3,AR,AR-W,89507.068,0.6753002013480255,293.0699832583432,69.7386479773906,304.49084785136523,295.04854187566355,100534.35321529592,299.3532942053524,-2.201711947592107e-06,-4.206450116409926,1.3293089426957898,239,67.54401414194024,6,17.8565200009947,318.8553065459237
2001-03-13,2001,3,AR,AR-W,89507.068,0.6753002013480255,293.24832844075723,70.3217146539933,305.8832067861306,294.1466722211425,100453.67914159478,299.4081716413428,0.0331103005426304,-3.1027381260972637,0.9898086086534191,239,67.54401414194024,6,17.8565200009947,318.8553065459237
2001-03-14,2001,3,AR,AR-W,89507.068,0.6753002013480255,294.45008616371814,70.61217097971988,306.765321147366,295.35124101325573,100333.51667133765,300.63317937069854,0.292334926341258,-2.065236754992897,0.8469364205752071,239,67.54401414194024,6,17.8565200009947,318.8553065459237
2001-03-15,2001,3,AR,AR-W,89507.068,0.6753002013480255,296.81575721903397,78.61739324242944,305.96525043655873,297.50166652765773,100258.132164281,301.03870448532587,9.293474073236316,-1.132371195065562,-1.2321164036558945,239,67.54401414194024,6,17.8565200009947,318.8553065459237
2001-03-16,2001,3,AR,AR-W,89507.068,0.6753002013480255,296.7161139696491,85.99165040803254,303.7849757237622,296.79191488488124,100455.0069401652,299.3397877500537,17.869808857457294,-1.811867540514709,-0.7510859869779408,239,67.54401414194024,6,17.8565200009947,318.8553065459237
2001-03-17,2001,3,AR,AR-W,89507.068,0.6753002013480255,296.27819593483594,87.99284892534604,302.7497764714733,295.81103802639217,100418.87144291586,298.5166586744336,6.994309708729514,-1.265041986997099,-0.8403899333236047,239,67.54401414194024,6,17.8565200009947,318.8553065459237
2001-03-18,2001,3,AR,AR-W,89507.068,0.6753002013480255,296.0165273991844,85.25893957037952,304.58667284639307,295.06483278582084,99967.76761721766,298.8526356268815,1.3916146140480332,-0.9949437824393801,-1.9518753695588509,239,67.54401414194024,6,17.8565200009947,318.8553065459237
2001-03-19,2001,3,AR,AR-W,89507.068,0.6753002013480255,296.19370472552254,88.08502137444715,302.00656574174707,295.6792061036474,100089.36333832296,298.4123553961254,7.228281152407378,-0.5667620525519649,0.3576107030533241,239,67.54401414194024,6,17.8565200009947,318.8553065459237
2001-03-20,2001,3,AR,AR-W,89507.068,0.6753002013480255,295.9880770095179,87.47679186969224,303.04405850956874,295.54645097477317,100308.25305781166,298.3523953496653,11.58107968407134,-2.154465811315041,-0.6098790764222879,239,67.54401414194024,6,17.8565200009947,318.8553065459237
2001-03-21,2001,3,AR,AR-W,89507.068,0.6753002013480255,296.21689392695214,87.64399237734565,301.92580195363104,296.5828585859474,100137.79177717784,298.5116612556223,12.366764794971173,-2.2876298566920084,-2.526051311454827,239,67.54401414194024,6,17.8565200009947,318.8553065459237
2001-03-22,2001,3,AR,AR-W,89507.068,0.6753002013480255,295.9920853530239,84.2575141459379,301.90750236894115,296.74423397576464,99770.12870278252,298.984209304794,35.876114281928395,-0.2629075433907675,-3.05600416275323,239,67.54401414194024,6,17.8565200009947,318.8553065459237
2001-03-23,2001,3,AR,AR-W,89507.068,0.6753002013480255,295.1496532241034,90.82912774672397,299.9332133795734,294.70801031651087,99857.45725652583,296.81496201291066,37.19156348055811,1.2097813691493626,-0.3628524009872031,239,67.54401414194024,6,17.8565200009947,318.8553065459237
2001-03-24,2001,3,AR,AR-W,89507.068,0.6753002013480255,293.63389721529603,86.89471048710116,299.2742680622518,293.60933064556315,100373.4555046642,296.02665024859505,7.260030365628458,1.1853054620399857,3.1432686080575767,239,67.54401414194024,6,17.8565200009947,318.8553065459237
2001-03-25,2001,3,AR,AR-W,89507.068,0.6753002013480255,291.9697783093428,89.67436788935706,295.90222849117754,291.47295389471645,100541.98639134604,293.745488025828,18.30808925597,0.8294110398462118,2.7786506187191096,239,67.54401414194024,6,17.8565200009947,318.8553065459237
2001-03-26,2001,3,AR,AR-W,89507.068,0.6753002013480255,289.4883039474147,83.98428233138877,296.14735896090184,289.80612033899047,100653.39036909965,292.46489594181935,1.7649326369594718,1.7966050152654855,2.569536907274125,239,67.54401414194024,6,17.8565200009947,318.8553065459237
2001-03-27,2001,3,AR,AR-W,89507.068,0.6753002013480255,288.0933919119185,76.45108910953813,297.01903197665797,289.297519624704,100770.21142099613,292.60137168493225,0.02666509785424071,0.4309375649087438,2.207707210714122,239,67.54401414194024,6,17.8565200009947,318.8553065459237
2001-03-28,2001,3,AR,AR-W,89507.068,0.6753002013480255,288.11009524710676,74.1209375564519,298.27759879390294,289.05457203001777,100774.74479684808,293.19841355773923,0.11494116892053226,0.2517428247243942,2.0413609559918178,239,67.54401414194024,6,17.8565200009947,318.8553065459237
2001-03-29,2001,3,AR,AR-W,89507.068,0.6753002013480255,287.6808312059176,73.33368898555061,299.25511535021013,287.1467401720094,100983.60164926943,293.01929628984254,0.00912567075456329,-0.5816205316051039,2.118573165859597,239,67.54401414194024,6,17.8565200009947,318.8553065459237
2001-03-30,2001,3,AR,AR-W,89507.068,0.6753002013480255,289.212797286923,75.88180631106066,299.8719398456394,289.3659783372574,101013.60453145413,294.09238482549637,0.03385768834415878,-1.3211821559992494,1.461531999401534,239,67.54401414194024,6,17.8565200009947,318.8553065459237
2001-03-31,2001,3,AR,AR-W,89507.068,0.6753002013480255,289.5640944351582,75.37260099856093,301.3254969475027,289.41295080790434,100523.62735739182,294.5713595780975,0.10594838057853917,-1.5148678258173802,0.30811374493884947,239,67.54401414194024,6,17.8565200009947,318.8553065459237
2001-04-01,2001,4,AR,AR-W,89507.068,0.6763261412517639,290.3341358055899,73.2248863545658,302.3235750007481,290.4746142026753,100461.88971554457,295.8334710654208,0.8941934140419118,-0.336840365321397,1.955242195850494,239,67.54401414194024,6,17.8565200009947,318.8553065459237
2001-04-02,2001,4,AR,AR-W,89507.068,0.6763261412517639,291.24126361779633,76.43503787137615,302.5305463339234,290.3532104039054,100639.81190003786,296.04712482834606,0.03929674725404521,-1.471252553715886,0.7192899421486876,239,67.54401414194024,6,17.8565200009947,318.8553065459237
2001-04-03,2001,4,AR,AR-W,89507.068,0.6763261412517639,291.2878980342627,73.7299934955655,302.8270835117467,291.0394165896389,100806.72320749125,296.61500314956186,0.06575358617753664,-2.287200458023436,0.5957245857652802,239,67.54401414194024,6,17.8565200009947,318.8553065459237
2001-04-04,2001,4,AR,AR-W,89507.068,0.6763261412517639,291.39012102857856,81.64461351521014,297.5613400356823,292.4365171072367,100740.33525749647,294.73278673016455,6.0252548302703275,-3.788488402158196,2.0999682067571572,239,67.54401414194024,6,17.8565200009947,318.8553065459237
2001-04-05,2001,4,AR,AR-W,89507.068,0.6763261412517639,291.8681765553672,91.14568256076471,294.977640103832,292.13363576772247,100393.98309109028,293.4022155941158,36.05628452860777,-2.445145906263967,1.0876348245618295,239,67.54401414194024,6,17.8565200009947,318.8553065459237
2001-04-06,2001,4,AR,AR-W,89507.068,0.6763261412517639,291.0024062794065,88.58084959382322,295.4695705897085,291.38080807585186,100960.78288353955,293.0339250840419,7.2232637050191935,-0.9291297758027197,4.408087701732915,239,67.54401414194024,6,17.8565200009947,318.8553065459237
2001-04-07,2001,4,AR,AR-W,89507.068,0.6763261412517639,291.6517239089332,84.01211628675097,299.1679173792569,290.7836108084506,101046.51115962057,294.54769453390924,0.6704424685391085,-1.8261691769118706,1.555161773275222,239,67.54401414194024,6,17.8565200009947,318.8553065459237
2001-04-08,2001,4,AR,AR-W,89507.068,0.6763261412517639,294.55461967510394,92.30550840712989,298.1897730448115,294.4905592412076,100764.85986638429,295.917203581134,25.758377994424404,-1.0552835199254433,0.03097967916672899,239,67.54401414194024,6,17.8565200009947,318.8553065459237
2001-04-09,2001,4,AR,AR-W,89507.068,0.6763261412517639,293.5764476470031,89.92196393502907,297.77300493050376,293.82744547139356,100308.30656696371,295.4105662616461,8.421163218620109,2.2158169882400376,1.1039003777607848,239,67.54401414194024,6,17.8565200009947,318.8553065459237
2001-04-10,2001,4,AR,AR-W,89507.068,0.6763261412517639,290.88400533274773,83.06768890622956,299.0338296461481,290.39810617212066,100307.70788734446,294.1955317092662,0.23532503917251307,-0.6990392555443631,0.4098532146748038,239,67.54401414194024,6,17.8565200009947,318.8553065459237
2001-04-11,2001,4,AR,AR-W,89507.068,0.6763261412517639,291.5783103385064,77.38945199819678,302.012850750595,291.06569742092984,100462.75355476409,295.8536678821037,0.5280127726970303,-3.161108579956777,-1.1024565177675307,239,67.54401414194024,6,17.8565200009947,318.8553065459237
2001-04-12,2001,4,AR,AR-W,89507.068,0.6763261412517639,295.3651482417321,83.282521694007,303.37548203436313,294.89338817303025,100599.07560265336,298.54536948125025,4.746439426676274,-1.8057649011509125,-0.6283802600167486,239,67.54401414194024,6,17.8565200009947,318.8553065459237
2001-04-13,2001,4,AR,AR-W,89507.068,0.6763261412517639,295.459584610829,82.00252973924204,304.28191237391013,295.45475449221937,100563.68708865701,299.0670927930997,0.08313736546229948,-3.361802410426612,-1.2562071564729975,239,67.54401414194024,6,17.8565200009947,318.8553065459237
2001-04-14,2001,4,AR,AR-W,89507.068,0.6763261412517639,295.09401060202805,80.55396143050146,304.34245217007174,294.54494951699826,100335.867425536,298.91397873570963,1.3678154588958593,-2.099934486256873,-2.1797610436778965,239,67.54401414194024,6,17.8565200009947,318.8553065459237
2001-04-15,2001,4,AR,AR-W,89507.068,0.6763261412517639,294.8472554441967,88.87719084108899,299.77500084844553,294.596287012709,100920.36969430231,296.87214829209876,4.50555300537804,-2.5063601896337597,1.8267730342806914,239,67.54401414194024,6,17.8565200009947,318.8553065459237
2001-04-16,2001,4,AR,AR-W,89507.068,0.6763261412517639,293.450872531036,81.42479326507362,302.46707798853083,293.40224338383547,101042.6713601833,297.0647704012356,0.033337255144867795,-3.8778654901504277,-0.13469384848868382,239,67.54401414194024,6,17.8565200009947,318.8553065459237
2001-04-17,2001,4,AR,AR-W,89507.068,0.6763261412517639,293.57622828639063,78.84861546764492,304.0535573808115,293.03168454696697,100930.15489973716,297.8432855227146,0.001208292064377274,-2.5792848398794903,-1.5307284178027638,239,67.54401414194024,6,17.8565200009947,318.8553065459237
2001-04-18,2001,4,AR,AR-W,89507.068,0.6763261412517639,292.8438639211748,75.24172223734148,304.0328654550758,293.1689391616773,100449.3634868055,298.01227465404867,1.6763806343078613e-06,-1.6503570556548581,-3.116192948976095,239,67.54401414194024,6,17.8565200009947,318.8553065459237
2001-04-19,2001,4,AR,AR-W,89507.068,0.6763261412517639,292.2982160596897,77.36289293315481,300.03370790027856,293.82313574845153,100296.64213024144,296.6493556962949,1.6274857663717572,-0.18193751104925776,0.1487431290607787,239,67.54401414194024,6,17.8565200009947,318.8553065459237
2001-04-20,2001,4,AR,AR-W,89507.068,0.6763261412517639,288.45246506756854,77.42135797776976,296.9802234584179,289.49324476270715,100303.4950984532,292.6267377582985,14.403839272165602,-1.8291204122962195,2.0127171553879775,239,67.54401414194024,6,17.8565200009947,318.8553065459237
2001-04-21,2001,4,AR,AR-W,89507.068,0.6763261412517639,286.56143067490126,77.12853123316508,296.5771115552204,287.12679737696214,100526.2205025576,291.12730710951223,0.23129144725242357,-0.7040574642117718,2.219701715905387,239,67.54401414194024,6,17.8565200009947,318.8553065459237
2001-04-22,2001,4,AR,AR-W,89507.068,0.6763261412517639,285.9770082864695,76.86475872228655,298.4028369667708,283.314247265928,99936.04710630786,290.3479031810158,0.0872868223211716,-2.2844615513194992,-1.624824666935155,239,67.54401414194024,6,17.8565200009947,318.8553065459237
2001-04-23,2001,4,AR,AR-W,89507.068,0.6763261412517639,292.03860172933986,89.18645592956378,296.01723739552415,289.2426585078331,99622.48847242119,293.9323090690752,33.60763763157982,-0.2213439825727296,-0.47184358259528886,239,67.54401414194024,6,17.8565200009947,318.8553065459237
2001-04-24,2001,4,AR,AR-W,89507.068,0.6763261412517639,283.2312520052026,71.7567920589804,292.3310894645251,284.8465560384732,101231.24672665667,288.45035409290136,3.150128548576941,-0.6333137059941254,6.067200792807897,239,67.54401414194024,6,17.8565200009947,318.8553065459237
2001-04-25,2001,4,AR,AR-W,89507.068,0.6763261412517639,285.3567962111786,83.38904017563277,292.48779116075053,284.8327138155012,101261.12172758466,288.2021112697469,2.135784674523857,-1.2264220968748187,1.4399141897754673,239,67.54401414194024,6,17.8565200009947,318.8553065459237
2001-04-26,2001,4,AR,AR-W,89507.068,0.6763261412517639,288.54244768732104,89.79224357828964,293.0695757090198,287.4069972737509,100780.28292460424,290.32105754524446,7.496436190816151,0.22956103083265408,-0.34275512198547287,239,67.54401414194024,6,17.8565200009947,318.8553065459237
2001-04-27,2001,4,AR,AR-W,89507.068,0.6763261412517639,290.44312341432544,90.63453061284743,296.42882928578086,289.0871147631097,100365.38060776674,292.1125734259781,1.8082601132584115,-1.128974647065353,-0.7608388358606551,239,67.54401414194024,6,17.8565200009947,318.8553065459237
2001-04-28,2001,4,AR,AR-W,89507.068,0.6763261412517639,292.42245584084515,91.28921681399363,296.9233280722697,291.49752395900856,100316.48176750791,293.98188335583853,39.68820480417865,-1.745801786847477,0.8412430981971627,239,67.54401414194024,6,17.8565200009947,318.8553065459237
2001-04-29,2001,4,AR,AR-W,89507.068,0.6763261412517639,288.74359137565745,92.67019723219462,292.41354247680727,288.0748205754184,100940.74325982212,289.97193963067326,35.75523418382988,-3.569965314899208,3.5330395134558725,239,67.54401414194024,6,17.8565200009947,318.8553065459237
2001-04-30,2001,4,AR,AR-W,89507.068,0.6763261412517639,288.8710194661511,94.7935476169073,291.5547078837193,288.14072564348163,100847.21845164294,289.73323990179006,28.66352367577689,1.1484317421134904,-1.5397380382417654,239,67.54401414194024,6,17.8565200009947,318.8553065459237
2001-05-01,2001,5,AR,AR-W,89507.068,0.6479400364999319,287.298477307885,94.30529700197633,289.6276383250145,287.15252372794697,100639.92547755683,288.21357401610896,20.879828826226,1.8319362441469773,-0.43280952830194946,239,67.54401414194024,6,17.8565200009947,318.8553065459237
2001-05-02,2001,5,AR,AR-W,89507.068,0.6479400364999319,284.29000005049716,80.45817594436485,292.5166255422801,284.24716031189547,101039.56782889803,287.89855233922145,0.26702348093300937,1.8360410538571887,1.8484063093874805,239,67.54401414194024,6,17.8565200009947,318.8553065459237
2001-05-03,2001,5,AR,AR-W,89507.068,0.6479400364999319,283.44805622820166,81.85858540588725,290.12797168927193,283.71709310956766,101268.1652944408,286.63671261277113,1.834900670187545,-1.102333371081828,2.932627157437982,239,67.54401414194024,6,17.8565200009947,318.8553065459237
2001-05-04,2001,5,AR,AR-W,89507.068,0.6479400364999319,279.7472869769732,71.9175972555605,288.15342522992876,281.5951651767857,101597.96035377812,284.9279883531348,0.0008162844618794014,0.7981550700981569,4.770709778610171,239,67.54401414194024,6,17.8565200009947,318.8553065459237
2001-05-05,2001,5,AR,AR-W,89507.068,0.6479400364999319,279.6116031085524,77.98902370492183,289.9269857346009,277.83670508950047,101416.95785254381,283.53178881822885,0.00012318301181927173,-0.2756417226237744,1.487133267306443,239,67.54401414194024,6,17.8565200009947,318.8553065459237
2001-05-06,2001,5,AR,AR-W,89507.068,0.6479400364999319,282.9490889528694,81.19898484950075,292.7851720842675,280.9409515023789,101198.56446762521,286.368309410237,0.06607348340132965,-2.5106624617615956,0.22674897280029463,239,67.54401414194024,6,17.8565200009947,318.8553065459237
2001-05-07,2001,5,AR,AR-W,89507.068,0.6479400364999319,284.8384817990822,78.13506169239947,295.23245617079795,284.46543409031807,100967.72196023821,288.89642468746024,0.08400065153208836,-3.039942671101839,0.15010326282023637,239,67.54401414194024,6,17.8565200009947,318.8553065459237
2001-05-08,2001,5,AR,AR-W,89507.068,0.6479400364999319,287.90495851664775,86.61281284270882,291.75726531422333,288.0927519445118,100684.01499023727,290.19604672896793,2.0782963875433347,-0.225823412825149,0.18685687530551734,239,67.54401414194024,6,17.8565200009947,318.8553065459237
2001-05-09,2001,5,AR,AR-W,89507.068,0.6479400364999319,285.33212660451727,87.74448111315003,290.7527053233967,284.56174468133185,100610.97411833868,287.4624532613602,0.11982765844324199,1.0987114629298294,1.893323138436745,239,67.54401414194024,6,17.8565200009947,318.8553065459237
2001-05-10,2001,5,AR,AR-W,89507.068,0.6479400364999319,284.3582629463045,82.05756806963456,292.0218454999764,284.8404356282503,100766.46214345635,287.59356802736283,0.2863357226446897,-0.15874350283393696,2.8790585042610846,239,67.54401414194024,6,17.8565200009947,318.8553065459237
2001-05-11,2001,5,AR,AR-W,89507.068,0.6479400364999319,283.13781709552626,79.81833406436219,292.3700376871879,283.03556221607795,101065.18372970422,286.84167173244816,0.057118237144148085,1.1242139331760577,2.7619543854878885,239,67.54401414194024,6,17.8565200009947,318.8553065459237
2001-05-12,2001,5,AR,AR-W,89507.068,0.6479400364999319,281.6493695286225,80.81722948650007,289.8669586317578,280.8318851772507,101287.82878528316,285.0979537044009,0.30137888583621086,-0.1509086996637323,2.9305534539302296,239,67.54401414194024,6,17.8565200009947,318.8553065459237
2001-05-13,2001,5,AR,AR-W,89507.068,0.6479400364999319,280.4555341015166,77.01604607951131,289.6978406829662,281.2743770107489,101718.851623981,284.77570314787414,0.031108459822938406,-0.6092562490229748,3.299708184971055,239,67.54401414194024,6,17.8565200009947,318.8553065459237
2001-05-14,2001,5,AR,AR-W,89507.068,0.6479400364999319,277.8998498882073,73.28237822978528,289.03001570198904,278.4600293632499,101699.16587445058,282.82532862684604,-2.514570951461792e-06,-2.5354468756420996,1.813376132181791,239,67.54401414194024,6,17.8565200009947,318.8553065459237
2001-05-15,2001,5,AR,AR-W,89507.068,0.6479400364999319,280.71248731246686,80.75881177841633,290.46901700207366,279.53130305005266,100982.68906834644,284.05750495016605,0.05645521098022459,-2.411262584648075,0.7070093423534353,239,67.54401414194024,6,17.8565200009947,318.8553065459237
2001-05-16,2001,5,AR,AR-W,89507.068,0.6479400364999319,283.1221763736357,84.10033830380645,290.78549602789707,282.6595922049698,100812.05837404227,285.96692484509975,0.309669193653793,2.3454475971318804,2.4120921900466783,239,67.54401414194024,6,17.8565200009947,318.8553065459237
2001-05-17,2001,5,AR,AR-W,89507.068,0.6479400364999319,282.52485231881093,84.51930461076705,288.355671812337,282.6852824367508,101058.27740082293,285.1318074327371,0.19071204377070675,2.645522945888138,2.37481985958443,239,67.54401414194024,6,17.8565200009947,318.8553065459237
2001-05-18,2001,5,AR,AR-W,89507.068,0.6479400364999319,282.40839523874604,83.69355025300169,291.78681305343076,281.11946972618546,101084.55396898388,285.3715359340648,0.01743879527550075,-0.8374170860718247,-2.074545645417145,239,67.54401414194024,6,17.8565200009947,318.8553065459237
2001-05-19,2001,5,AR,AR-W,89507.068,0.6479400364999319,283.00924582746734,80.46543285040543,293.9938160152652,280.8087573372327,100988.0767429526,286.69856581665545,0.0010741746689543025,-2.414570877803662,-0.7461117311410284,239,67.54401414194024,6,17.8565200009947,318.8553065459237
2001-05-20,2001,5,AR,AR-W,89507.068,0.6479400364999319,287.3908468981553,77.35489675189851,296.2744526077762,288.74839684928816,100614.70261250329,291.5107873412628,6.167101292037519,-3.1545680556507167,-1.8675660206029423,239,67.54401414194024,6,17.8565200009947,318.8553065459237
2001-05-21,2001,5,AR,AR-W,89507.068,0.6479400364999319,290.61110139282533,88.28217221236427,295.3751742023183,290.78970155932865,100150.54437654978,292.6329261239197,23.93418208035858,-1.6957252403863805,-3.2346824512222825,239,67.54401414194024,6,17.8565200009947,318.8553065459237
2001-05-22,2001,5,AR,AR-W,89507.068,0.6479400364999319,289.83592310125664,88.0128922068472,295.7232819582282,289.21414512366476,100283.32811432781,292.0266060373482,1.0750683788882769,-0.5489715997569647,1.6046288687962131,239,67.54401414194024,6,17.8565200009947,318.8553065459237
2001-05-23,2001,5,AR,AR-W,89507.068,0.6479400364999319,286.8688772670189,86.27696583303927,295.81713936335535,284.84572961422884,100843.54067817531,289.34846339163744,0.0016681119866433314,-2.941562199872966,0.7463203454497753,239,67.54401414194024,6,17.8565200009947,318.8553065459237
2001-05-24,2001,5,AR,AR-W,89507.068,0.6479400364999319,287.5461513652735,83.1273016596404,297.5710288664787,285.7708514112116,101031.17710761637,290.6688761735194,0.0006306919904766804,-3.6325896391500705,-0.964910957681486,239,67.54401414194024,6,17.8565200009947,318.8553065459237
2001-05-25,2001,5,AR,AR-W,89507.068,0.6479400364999319,289.36276787426345,81.04940805400092,299.1642884908495,288.7565136650235,100831.87509349758,292.97451010269754,0.005671528582380142,-3.0060595076292427,-2.355239791301435,239,67.54401414194024,6,17.8565200009947,318.8553065459237
2001-05-26,2001,5,AR,AR-W,89507.068,0.6479400364999319,290.20921238319613,85.20443154700955,297.4371444295235,289.2235234489333,100506.44154336429,292.88457677743423,0.19920557234158598,-2.336074628466457,-2.5751779384487583,239,67.54401414194024,6,17.8565200009947,318.8553065459237
2001-05-27,2001,5,AR,AR-W,89507.068,0.6479400364999319,291.13541793574024,90.50913043562893,296.7138484468395,290.13857080104225,100476.75339328936,292.82423028222604,2.0346727507569358,-1.5649793669037122,-0.3466156712358204,239,67.54401414194024,6,17.8565200009947,318.8553065459237
2001-05-28,2001,5,AR,AR-W,89507.068,0.6479400364999319,289.32832036814455,88.03341371410549,297.3725146716016,287.6363164225771,100422.95737415178,291.60453708207103,0.04015596309515137,-1.4185428555265,-0.2737844348749876,239,67.54401414194024,6,17.8565200009947,318.8553065459237
2001-05-29,2001,5,AR,AR-W,89507.068,0.6479400364999319,289.0891673516339,82.97372560751933,297.95912615023923,288.08170234909886,100285.43349190023,292.27817849376,0.006070055520339985,-2.238218344273203,-2.6221884461977685,239,67.54401414194024,6,17.8565200009947,318.8553065459237
2001-05-30,2001,5,AR,AR-W,89507.068,0.6479400364999319,292.7090293166965,82.29476952965939,301.6054215888593,292.0361817997651,100316.67710576033,295.9877219828005,2.0035264287965915,-2.4637607252356375,-3.5912980410019983,239,67.54401414194024,6,17.8565200009947,318.8553065459237
2001-05-31,2001,5,AR,AR-W,89507.068,0.6479400364999319,295.1459822523598,84.94549940212534,302.01465750015296,295.8330755721447,100295.93881523018,297.9690442797533,6.834846196753464,-0.5605493711171904,-3.9242733177542135,239,67.54401414194024,6,17.8565200009947,318.8553065459237
2001-06-01,2001,6,AR,AR-W,89507.068,0.6335288731079477,294.32947501630997,91.54581540263315,298.25663678660374,293.81955923221005,100337.77261875814,295.85113787935677,26.519559261202613,0.366034060543776,-2.0198089993611537,239,67.54401414194024,6,17.8565200009947,318.8553065459237
2001-06-02,2001,6,AR,AR-W,89507.068,0.6335288731079477,293.59274705158526,91.3345966609294,298.2021463485585,293.2056997686284,100621.22234838076,295.1536288722759,12.969569302511772,-1.153279576255659,-0.7513537182670501,239,67.54401414194024,6,17.8565200009947,318.8553065459237
2001-06-03,2001,6,AR,AR-W,89507.068,0.6335288731079477,292.9829894290892,81.86140085885282,301.2499725827553,292.85077705979165,100687.0627431401,296.5379607523535,4.8071604051954715,-0.9659329765110272,-2.443369685277779,239,67.54401414194024,6,17.8565200009947,318.8553065459237
2001-06-04,2001,6,AR,AR-W,89507.068,0.6335288731079477,292.2953294098232,83.38895481191145,300.1082968487836,292.43484091607206,100689.43156881975,295.4605715990052,4.221556785636969,-1.3023486179048245,-2.384673676860033,239,67.54401414194024,6,17.8565200009947,318.8553065459237
2001-06-05,2001,6,AR,AR-W,89507.068,0.6335288731079477,291.75943817321735,85.51547378857953,298.10508105513685,291.6694228744438,100343.99829709124,294.4491631687482,12.389263325585903,-0.020951784273753667,-2.412294231822179,239,67.54401414194024,6,17.8565200009947,318.8553065459237
2001-06-06,2001,6,AR,AR-W,89507.068,0.6335288731079477,289.21215121763186,88.63684585186911,293.746269717723,289.01043700809356,100653.80694745017,291.2075309375052,9.806938935719783,-1.1635708656196755,3.4093757368331703,239,67.54401414194024,6,17.8565200009947,318.8553065459237
2001-06-07,2001,6,AR,AR-W,89507.068,0.6335288731079477,288.02680975672763,88.21528270588506,294.06014127324056,287.0729743489433,100950.12206027833,290.0982498075599,0.08798711188668545,-1.972956547634741,-0.72740165770647,239,67.54401414194024,6,17.8565200009947,318.8553065459237
2001-06-08,2001,6,AR,AR-W,89507.068,0.6335288731079477,289.4824144535932,86.7207492618603,297.0692194398127,287.9678152417062,100874.41115154682,291.8211054513351,0.28660671925197095,-2.524934816567215,-1.578961039133591,239,67.54401414194024,6,17.8565200009947,318.8553065459237
2001-06-09,2001,6,AR,AR-W,89507.068,0.6335288731079477,292.4805842797957,88.04902454085263,298.25750631192045,292.60416998480594,100879.71980724184,294.61481969699344,3.921793083805059,-1.9249962592001741,-1.7343232639223758,239,67.54401414194024,6,17.8565200009947,318.8553065459237
2001-06-10,2001,6,AR,AR-W,89507.068,0.6335288731079477,292.58179406768005,88.14259351964633,299.64715797028714,291.63980098098364,101224.03922907879,294.7510886022679,7.198069720606073,-2.1292139896447595,-0.25856241271396596,239,67.54401414194024,6,17.8565200009947,318.8553065459237
2001-06-11,2001,6,AR,AR-W,89507.068,0.6335288731079477,291.19140836703565,82.12037065186342,299.4293653516819,291.39066879708355,101044.03606176125,294.63129596287644,0.002931392810654206,-3.4084443775910955,-2.4803054455185167,239,67.54401414194024,6,17.8565200009947,318.8553065459237
2001-06-12,2001,6,AR,AR-W,89507.068,0.6335288731079477,290.78975578662,80.67457922840336,299.01523848962563,290.9974090463795,100813.08552314094,294.3685987916265,-8.381903171539307e-07,-2.2957149026774366,-3.7445750630524226,239,67.54401414194024,6,17.8565200009947,318.8553065459237
2001-06-13,2001,6,AR,AR-W,89507.068,0.6335288731079477,291.14540186646,81.47181239695182,300.68781805653003,291.10056017056456,100654.10823400471,294.7250348629389,8.381903171539307e-07,-1.8331537787383392,-3.3204562510533284,239,67.54401414194024,6,17.8565200009947,318.8553065459237
2001-06-14,2001,6,AR,AR-W,89507.068,0.6335288731079477,290.7722198093008,80.37079182393938,299.4487296386109,291.17884131735906,100267.99526874402,294.5017667587886,-3.3527612686157227e-06,-0.9146257590976209,-4.236529421528789,239,67.54401414194024,6,17.8565200009947,318.8553065459237
2001-06-15,2001,6,AR,AR-W,89507.068,0.6335288731079477,289.32107742870534,81.0322852942782,296.8703723292794,287.0146497660848,100007.74760316745,292.7676690678178,6.326847490916512,0.2179106361019006,-1.3495879391332302,239,67.54401414194024,6,17.8565200009947,318.8553065459237
2001-06-16,2001,6,AR,AR-W,89507.068,0.6335288731079477,282.66738000652134,81.10755325219051,287.9780192943015,283.3341595551785,100862.25338934522,285.9176400049767,4.862446922704561,1.833267507356554,6.139440919566041,239,67.54401414194024,6,17.8565200009947,318.8553065459237
2001-06-17,2001,6,AR,AR-W,89507.068,0.6335288731079477,277.97829809594947,75.83689725750452,284.22431280964537,279.4726213343162,101726.04538971087,282.09390366544005,0.06567634806240946,2.7339844764139194,4.784044189620784,239,67.54401414194024,6,17.8565200009947,318.8553065459237
2001-06-18,2001,6,AR,AR-W,89507.068,0.6335288731079477,278.4207820005326,77.925495630949,284.168414097837,280.6862418835241,102211.13738715324,282.1171781953741,0.11116920152783402,-0.20579735988005912,4.252369317241211,239,67.54401414194024,6,17.8565200009947,318.8553065459237
2001-06-19,2001,6,AR,AR-W,89507.068,0.6335288731079477,278.5787511359853,79.96584840452896,285.05484245143043,280.0452341359634,101938.06382219032,281.90937318420686,0.1458872249015302,1.0525896978408738,3.255892136781326,239,67.54401414194024,6,17.8565200009947,318.8553065459237
2001-06-20,2001,6,AR,AR-W,89507.068,0.6335288731079477,276.6412964972832,77.34938178584636,285.2720152806264,276.7669382083442,101807.34541602012,280.64594378774126,0.0033664065907961127,2.5016514117575985,1.2896691980337671,239,67.54401414194024,6,17.8565200009947,318.8553065459237
2001-06-21,2001,6,AR,AR-W,89507.068,0.6335288731079477,276.6344254211581,78.79143628863753,288.46252358845476,275.2510188325266,101823.4570099056,280.6135895723342,8.213371509712551e-05,0.9799871482196213,-1.2582640019210873,239,67.54401414194024,6,17.8565200009947,318.8553065459237
2001-06-22,2001,6,AR,AR-W,89507.068,0.6335288731079477,277.3956647314325,78.73517978468132,289.04267174782547,275.5435017436617,101720.22946486899,281.31415431754505,0.0031027173035011817,0.2696654084252796,-1.8834854926188909,239,67.54401414194024,6,17.8565200009947,318.8553065459237
2001-06-23,2001,6,AR,AR-W,89507.068,0.6335288731079477,278.01853756089815,76.10535717412696,290.2134515434147,276.77925093097383,101295.63746928268,282.5320683974525,4.701572128802726e-06,-1.9317906063193624,-1.600541090313613,239,67.54401414194024,6,17.8565200009947,318.8553065459237
2001-06-24,2001,6,AR,AR-W,89507.068,0.6335288731079477,279.5507319727298,75.87846902138816,287.09534166017386,280.6631038036143,101159.04582843032,283.71579934605194,0.9730083213238144,-2.749098880593167,1.8519780119262506,239,67.54401414194024,6,17.8565200009947,318.8553065459237
2001-06-25,2001,6,AR,AR-W,89507.068,0.6335288731079477,282.2564514109404,91.70811557363938,284.71309866817114,282.2526850883046,101136.08188276747,283.56601212699695,7.264089332917826,1.9715351733139992,2.4188234990454576,239,67.54401414194024,6,17.8565200009947,318.8553065459237
2001-06-26,2001,6,AR,AR-W,89507.068,0.6335288731079477,281.3706471805172,86.5984198950647,288.0636891551231,280.55870166263577,101293.79177439382,283.7185390830613,8.285597521692685,3.3524943994089464,1.851886416039056,239,67.54401414194024,6,17.8565200009947,318.8553065459237
2001-06-27,2001,6,AR,AR-W,89507.068,0.6335288731079477,279.11310305830165,82.40164125730786,289.7341168911077,276.7788856190513,101679.52508356777,282.3269004914669,0.004141269207563608,-0.41072449399381933,-0.7472091140155831,239,67.54401414194024,6,17.8565200009947,318.8553065459237
2001-06-28,2001,6,AR,AR-W,89507.068,0.6335288731079477,281.52190525095483,83.80122153574536,291.19531519795174,279.4971630352228,101504.25620424881,284.36654318976997,6.705522537231445e-06,-2.3711177741730007,-1.53760610227631,239,67.54401414194024,6,17.8565200009947,318.8553065459237
2001-06-29,2001,6,AR,AR-W,89507.068,0.6335288731079477,284.15824800416453,82.7242205988828,293.9142733797817,282.5360830721282,101032.62040214625,287.25808731770593,2.514570951461792e-06,-2.8879863491263387,-2.4676982644774332,239,67.54401414194024,6,17.8565200009947,318.8553065459237
2001-06-30,2001,6,AR,AR-W,89507.068,0.6335288731079477,286.27490819188,83.36534811060662,295.2435166993957,285.3127694888658,100805.87449237541,289.29200453989614,2.2877711981274747e-05,-1.9247390736612855,-1.4115817005191649,239,67.54401414194024,6,17.8565200009947,318.8553065459237
2001-07-01,2001,7,AR,AR-W,89507.068,0.5712399193818871,287.9454804300559,84.71792125861936,295.2819622166898,287.33493812408324,100486.8910147666,290.6237034587811,5.659438507995828,-2.073052834514315,-1.6567410468064387,239,67.54401414194024,6,17.8565200009947,318.8553065459237
2001-07-02,2001,7,AR,AR-W,89507.068,0.5712399193818871,288.62234056081604,89.68975452313673,293.3929566765523,288.02909416791863,100732.71206782306,290.3910699246111,1.6789229357830946,-2.1364075594066745,2.0713153439619574,239,67.54401414194024,6,17.8565200009947,318.8553065459237
2001-07-03,2001,7,AR,AR-W,89507.068,0.5712399193818871,289.66043749856436,88.25290689435657,297.21819991508073,288.56113992595766,100413.104699425,291.736826316261,0.49289562852825625,-1.4231783407646537,-1.851960891808071,239,67.54401414194024,6,17.8565200009947,318.8553065459237
2001-07-04,2001,7,AR,AR-W,89507.068,0.5712399193818871,290.59988830171267,83.8976998961439,297.44486017845117,288.9182437951783,100162.89223255514,293.5384358782562,10.251625904322438,-0.5076150576348237,-1.1518295932430862,239,67.54401414194024,6,17.8565200009947,318.8553065459237
2001-07-05,2001,7,AR,AR-W,89507.068,0.5712399193818871,279.2413964554472,64.88224856450954,289.61657876883976,282.48316621335755,101450.70936729742,285.8670192554699,3.5104514263732813,-2.7683009464737776,5.4163878109517825,239,67.54401414194024,6,17.8565200009947,318.8553065459237
2001-07-06,2001,7,AR,AR-W,89507.068,0.5712399193818871,281.8765869312815,82.01409353817552,289.9864511169843,281.50934155989745,101222.34724189092,284.89067222095406,0.6708965847398025,-2.964528840883275,0.44981046889865944,239,67.54401414194024,6,17.8565200009947,318.8553065459237
2001-07-07,2001,7,AR,AR-W,89507.068,0.5712399193818871,288.7566639111245,80.8311556055941,298.8888126270657,287.9513319350481,100736.15220593968,292.49031704361545,0.25545890197045457,-2.280774727183169,-3.5219780740173197,239,67.54401414194024,6,17.8565200009947,318.8553065459237
2001-07-08,2001,7,AR,AR-W,89507.068,0.5712399193818871,288.23464561354103,67.38257760561834,299.92522923020425,291.6040780387524,100553.82849063815,294.73336251586187,0.5911582896526076,-3.085421589920877,-4.87295273036807,239,67.54401414194024,6,17.8565200009947,318.8553065459237
2001-07-09,2001,7,AR,AR-W,89507.068,0.5712399193818871,290.1902315606837,73.41081253439327,301.1069897957933,291.9678976556612,100350.12734323954,295.3257184913084,3.874641677852078,-1.7506973765900646,-4.25292768615112,239,67.54401414194024,6,17.8565200009947,318.8553065459237
2001-07-10,2001,7,AR,AR-W,89507.068,0.5712399193818871,290.89025570776045,87.16578648809755,298.325726445599,289.5688609049426,100113.40132502078,293.2071580102354,10.289036597811066,-0.689562040470258,-1.0955424758424728,239,67.54401414194024,6,17.8565200009947,318.8553065459237
2001-07-11,2001,7,AR,AR-W,89507.068,0.5712399193818871,280.95573248571236,76.66968096619749,291.3325292600081,281.6191040390693,100793.9376607787,285.38190477831927,17.29504086258836,1.0641317386944602,5.246381154676054,239,67.54401414194024,6,17.8565200009947,318.8553065459237
2001-07-12,2001,7,AR,AR-W,89507.068,0.5712399193818871,276.3621680562227,71.22482700429639,288.902261001633,276.177907664709,101675.36730860606,281.9710890907088,6.963595745292615e-07,-1.9330227073254778,0.5548959094977195,239,67.54401414194024,6,17.8565200009947,318.8553065459237
2001-07-13,2001,7,AR,AR-W,89507.068,0.5712399193818871,277.3992200510343,67.18732673667894,291.1182530604723,277.78864883882324,101386.9499945711,283.5476342337343,-8.381903171539307e-07,-3.553403961443946,-1.117931010052889,239,67.54401414194024,6,17.8565200009947,318.8553065459237
2001-07-14,2001,7,AR,AR-W,89507.068,0.5712399193818871,284.0547593450889,81.87564803536472,292.7856076317515,283.52318686689017,100987.23038499655,287.2524220348288,0.05415065700856805,-1.4761973546959828,-0.8628977578661982,239,67.54401414194024,6,17.8565200009947,318.8553065459237
2001-07-15,2001,7,AR,AR-W,89507.068,0.5712399193818871,286.3982223471772,79.77674161616137,297.9732354858492,285.7200645632108,100685.98645793115,290.22067981041846,0.1364052567525688,-2.2009061198446394,-1.506832050747561,239,67.54401414194024,6,17.8565200009947,318.8553065459237
2001-07-16,2001,7,AR,AR-W,89507.068,0.5712399193818871,289.8015116663098,79.01245663243061,299.7632975403,289.91303673001227,100240.26093689675,293.77239305913434,1.7174618125921322,-1.5430022845512792,-3.910669761138198,239,67.54401414194024,6,17.8565200009947,318.8553065459237
2001-07-17,2001,7,AR,AR-W,89507.068,0.5712399193818871,290.2721401975182,73.58905192532832,302.3488105102836,290.92365299194716,99833.8147026452,295.4008040886108,1.5020216190567428,-1.212704783264925,-4.672106604957874,239,67.54401414194024,6,17.8565200009947,318.8553065459237
2001-07-18,2001,7,AR,AR-W,89507.068,0.5712399193818871,291.28726180066906,84.5744623188278,297.2831879813065,291.2530333932521,99806.37923546355,294.09026330008874,5.940020497801039,-0.7374192116588028,-0.2971011735615791,239,67.54401414194024,6,17.8565200009947,318.8553065459237
2001-07-19,2001,7,AR,AR-W,89507.068,0.5712399193818871,291.86227967185863,82.78440433397756,302.3593250684061,290.55085935828833,99622.28662785082,295.15253494932415,0.56838947881524,-1.7929318362915891,-3.230925971962404,239,67.54401414194024,6,17.8565200009947,318.8553065459237
2001-07-20,2001,7,AR,AR-W,89507.068,0.5712399193818871,289.1878094823539,83.39654716993496,297.52078549128527,286.990798246027,99755.01667968975,292.1996443729725,6.132172268427085,0.7316047264778668,3.0618711470945383,239,67.54401414194024,6,17.8565200009947,318.8553065459237
2001-07-21,2001,7,AR,AR-W,89507.068,0.5712399193818871,282.35057228642546,78.25287819707084,292.44883540702295,281.75043520400925,100838.06253433655,286.41345393559266,0.0002887358795724246,-1.327196120016058,3.223377055359146,239,67.54401414194024,6,17.8565200009947,318.8553065459237
2001-07-22,2001,7,AR,AR-W,89507.068,0.5712399193818871,280.04444054208614,78.57776366471454,287.7872908999419,280.7371899905622,101738.09658995993,283.86965554863764,7.644418157739338e-05,-1.9812208642555729,3.8877859309668796,239,67.54401414194024,6,17.8565200009947,318.8553065459237
2001-07-23,2001,7,AR,AR-W,89507.068,0.5712399193818871,276.23304917009864,68.92531158234115,286.4204757580772,278.57600749297234,101859.55222593839,281.8738131504157,0.1329245384662632,-3.6521153819032106,2.802648493681028,239,67.54401414194024,6,17.8565200009947,318.8553065459237
2001-07-24,2001,7,AR,AR-W,89507.068,0.5712399193818871,278.63535028484705,72.97279655206118,289.1309704740647,279.42987957477663,101685.35400318123,283.4987968177022,0.8129678812150553,-3.3835308382005183,3.051549177232954,239,67.54401414194024,6,17.8565200009947,318.8553065459237
2001-07-25,2001,7,AR,AR-W,89507.068,0.5712399193818871,281.4330013279903,81.73869238046342,290.3539833820595,280.7611059560524,101046.16234451093,284.6376878231235,0.024220887620802753,-1.429827161633771,2.2234733329891494,239,67.54401414194024,6,17.8565200009947,318.8553065459237
2001-07-26,2001,7,AR,AR-W,89507.068,0.5712399193818871,280.88686528947574,78.50723553033912,286.5564698112076,281.5758005028814,101356.85252253222,284.59346182938094,0.3262854529625578,1.6707500096220453,4.902588337279274,239,67.54401414194024,6,17.8565200009947,318.8553065459237
2001-07-27,2001,7,AR,AR-W,89507.068,0.5712399193818871,274.4337346960063,71.5608623448322,283.93306123394,275.5930296242034,102339.81399178517,279.54983261950304,0.03564403335511677,1.9128767943526697,3.368909699847311,239,67.54401414194024,6,17.8565200009947,318.8553065459237
2001-07-28,2001,7,AR,AR-W,89507.068,0.5712399193818871,274.1569726822416,75.17879902608894,286.31209148641017,272.64227573870323,102205.68136210424,278.73386507985316,5.416669889195072e-05,-0.9895647311533488,-1.0841709010267941,239,67.54401414194024,6,17.8565200009947,318.8553065459237
2001-07-29,2001,7,AR,AR-W,89507.068,0.5712399193818871,277.15997019282514,68.64061795387485,292.6852906991716,276.2039026653581,101193.23965656923,283.3392096995995,-5.029141902923584e-06,-3.281139436474448,-3.055815414375722,239,67.54401414194024,6,17.8565200009947,318.8553065459237
2001-07-30,2001,7,AR,AR-W,89507.068,0.5712399193818871,283.7036601759485,65.3745993386893,298.59598140735807,285.00626751611463,100507.91398895471,290.48362084950776,-5.867332220077515e-06,-3.392683653492479,-4.050766150826915,239,67.54401414194024,6,17.8565200009947,318.8553065459237
2001-07-31,2001,7,AR,AR-W,89507.068,0.5712399193818871,289.39327085698557,67.97728796782808,303.3625617079675,291.7056497246576,100339.18295318716,295.9849226552217,3.8841063248655895e-05,-1.6648066571470084,-4.964532726371896,239,67.54401414194024,6,17.8565200009947,318.8553065459237
2001-08-01,2001,8,AR,AR-W,89507.068,0.5545320279691903,289.45312778585964,65.36790795182439,304.16329809964697,292.49570650373835,100638.7804962192,296.91604444333046,-2.514570951461792e-06,-2.068518156700719,-4.567655182454013,239,67.54401414194024,6,17.8565200009947,318.8553065459237
2001-08-02,2001,8,AR,AR-W,89507.068,0.5545320279691903,289.1182012103151,61.85749029095865,304.358567477731,292.1616174705012,100832.6475229405,297.33411178140256,0.0,-3.0690872744694864,-4.525965484876405,239,67.54401414194024,6,17.8565200009947,318.8553065459237
2001-08-03,2001,8,AR,AR-W,89507.068,0.5545320279691903,288.50150880214886,63.183166172513964,303.1899304685338,291.2709104670845,101021.66208884264,296.3636980667925,0.0,-2.8191676187127253,-3.8434957925020283,239,67.54401414194024,6,17.8565200009947,318.8553065459237
2001-08-04,2001,8,AR,AR-W,89507.068,0.5545320279691903,288.06298576726994,66.35232520281768,303.44461099808467,289.4135397580115,101029.3798918026,295.24617259689455,3.3527612686157227e-06,-3.1444264849510795,-2.87898594951335,239,67.54401414194024,6,17.8565200009947,318.8553065459237
2001-08-05,2001,8,AR,AR-W,89507.068,0.5545320279691903,288.3066524245742,63.547710194601144,303.59499267462104,290.78913857100395,100759.07961933721,296.1130342111385,1.6763806343078613e-06,-3.591124006962274,-3.53749556465543,239,67.54401414194024,6,17.8565200009947,318.8553065459237
2001-08-06,2001,8,AR,AR-W,89507.068,0.5545320279691903,287.0358781800414,70.44054318561602,297.16198484598965,285.70969400611483,100905.70544875122,292.7968553358551,3.5087258288906855,0.21936640930210471,-0.5060118230405398,239,67.54401414194024,6,17.8565200009947,318.8553065459237
2001-08-07,2001,8,AR,AR-W,89507.068,0.5545320279691903,281.1809333311433,78.01428433065645,291.51431425125986,280.59625283744424,101726.59604011067,285.4403095375635,1.1902120688422038,0.05772690649323074,2.5861944174348097,239,67.54401414194024,6,17.8565200009947,318.8553065459237
2001-08-08,2001,8,AR,AR-W,89507.068,0.5545320279691903,282.46584188705197,73.4768993627842,296.27816181847834,281.10175842096646,101479.00552865335,287.5565310375857,0.00437950219145019,-2.071475649822378,0.5862818758435279,239,67.54401414194024,6,17.8565200009947,318.8553065459237
2001-08-09,2001,8,AR,AR-W,89507.068,0.5545320279691903,288.47178523931467,76.76927267441258,300.8652118334629,287.8179086231027,101348.75088950302,293.0414682157094,0.021929310290900145,-2.0550201839779607,0.7194067816137019,239,67.54401414194024,6,17.8565200009947,318.8553065459237
2001-08-10,2001,8,AR,AR-W,89507.068,0.5545320279691903,290.05430890313426,77.51436223459608,300.35381553991107,290.36392747698113,101435.91834088425,294.4688263156956,0.050733172009871215,-3.106980050687034,0.3896231009066114,239,67.54401414194024,6,17.8565200009947,318.8553065459237
2001-08-11,2001,8,AR,AR-W,89507.068,0.5545320279691903,288.96114060130645,74.43993933017259,301.2648500072181,289.40545829387327,101252.06114161701,294.1506828484374,6.514698209013911e-05,-4.598997791178641,-1.1106239675207115,239,67.54401414194024,6,17.8565200009947,318.8553065459237
2001-08-12,2001,8,AR,AR-W,89507.068,0.5545320279691903,288.1552501772943,67.49944878001301,301.6176561143864,290.11201004795925,100738.36202819679,295.01819780656376,0.00041329752205350917,-4.397179929386119,-3.5772053467913727,239,67.54401414194024,6,17.8565200009947,318.8553065459237
2001-08-13,2001,8,AR,AR-W,89507.068,0.5545320279691903,287.67855274345203,62.56114009372579,299.2138578547796,292.75585278282614,100581.35196108266,295.47887501629083,3.038865835324849,-2.256445978389765,-2.8904750053114534,239,67.54401414194024,6,17.8565200009947,318.8553065459237
2001-08-14,2001,8,AR,AR-W,89507.068,0.5545320279691903,288.1157979369906,66.97340990228007,302.80551800062585,290.4973122291499,100384.04500040831,295.4728510689478,4.536718751777948,-2.0357820266689473,-2.8014643895629234,239,67.54401414194024,6,17.8565200009947,318.8553065459237
2001-08-15,2001,8,AR,AR-W,89507.068,0.5545320279691903,287.84334146284726,64.2359062955099,298.8750228659801,292.6064204210168,100541.18259752517,295.3880041622809,4.975933540221278,-2.012625036108569,-3.237363063251666,239,67.54401414194024,6,17.8565200009947,318.8553065459237
2001-08-16,2001,8,AR,AR-W,89507.068,0.5545320279691903,288.279947347834,70.93556789912995,298.4959484493885,291.177273520057,100677.10693571079,294.2714580343986,7.02276567648825,-1.1572843497913372,-1.9114241424858145,239,67.54401414194024,6,17.8565200009947,318.8553065459237
2001-08-17,2001,8,AR,AR-W,89507.068,0.5545320279691903,288.74243812314063,93.40986642827497,292.40168579957066,287.8808524792272,100791.28478318763,289.88625535117035,25.38672602962966,0.05286374959585578,-0.08896578401844871,239,67.54401414194024,6,17.8565200009947,318.8553065459237
2001-08-18,2001,8,AR,AR-W,89507.068,0.5545320279691903,285.1103560675447,93.04129947343189,288.6341321518906,283.6409777773667,100644.58512989433,286.24528189397034,26.0141927857583,2.9821902891527388,-0.640506270656851,239,67.54401414194024,6,17.8565200009947,318.8553065459237
2001-08-19,2001,8,AR,AR-W,89507.068,0.5545320279691903,281.5259198984425,81.6325642046828,290.3281115338036,280.3353356564561,101379.52071052587,284.8388653396249,0.4027468788732313,0.840677491199239,1.057045292813951,239,67.54401414194024,6,17.8565200009947,318.8553065459237
2001-08-20,2001,8,AR,AR-W,89507.068,0.5545320279691903,281.4496954120223,74.50751827685298,294.2157846518662,281.4466817871354,102058.83767010529,286.5686087393381,8.381903171539307e-07,-1.6939956106060985,2.515526300432591,239,67.54401414194024,6,17.8565200009947,318.8553065459237
2001-08-21,2001,8,AR,AR-W,89507.068,0.5545320279691903,280.22664298904726,68.0662242241404,294.21771008592947,279.629599437837,101854.71718652555,286.60762342478023,0.0,-2.43272932059211,1.4159436798672742,239,67.54401414194024,6,17.8565200009947,318.8553065459237
2001-08-22,2001,8,AR,AR-W,89507.068,0.5545320279691903,280.9651094805835,68.40722837961947,294.2074206830797,281.5904608885833,101518.87000356356,287.2357766235881,-8.381903171539307e-07,-3.542618107921742,1.2165326412773168,239,67.54401414194024,6,17.8565200009947,318.8553065459237
2001-08-23,2001,8,AR,AR-W,89507.068,0.5545320279691903,282.5350852468315,71.6034208650619,295.7891281199524,282.19926830639963,101071.85182536041,288.13349593279713,4.190951585769653e-06,-2.9231448153627593,0.8227644733908814,239,67.54401414194024,6,17.8565200009947,318.8553065459237
2001-08-24,2001,8,AR,AR-W,89507.068,0.5545320279691903,283.8514618238927,73.74644201578407,297.32494963213014,282.20463725230087,100625.62349383053,289.18702806596355,0.0,-1.9834002161164768,0.5037778150734421,239,67.54401414194024,6,17.8565200009947,318.8553065459237
2001-08-25,2001,8,AR,AR-W,89507.068,0.5545320279691903,286.85330638918344,72.78741828659155,301.2711709123287,284.6882017293877,100113.40352952197,292.23175173711473,0.007158403356811309,-3.1815918007917645,-0.9548954295198356,239,67.54401414194024,6,17.8565200009947,318.8553065459237
2001-08-26,2001,8,AR,AR-W,89507.068,0.5545320279691903,290.79899770173995,65.61734647753431,303.44522312955235,294.4833075409016,99570.46161982347,297.9728173830663,4.763003907110498e-06,-3.6230431114854826,-5.788848823653394,239,67.54401414194024,6,17.8565200009947,318.8553065459237
2001-08-27,2001,8,AR,AR-W,89507.068,0.5545320279691903,287.8708424335662,73.48864463292779,298.39602576759495,288.39048578042895,100168.14292601489,293.0676966095831,14.110146343893943,0.3622596623455138,1.056023307775775,239,67.54401414194024,6,17.8565200009947,318.8553065459237
2001-08-28,2001,8,AR,AR-W,89507.068,0.5545320279691903,280.4236422481719,65.1266325114802,292.3979823282469,283.85323192408157,101121.43113010038,287.2439103511404,5.386334650966386,-3.834970118314543,3.544143138131768,239,67.54401414194024,6,17.8565200009947,318.8553065459237
2001-08-29,2001,8,AR,AR-W,89507.068,0.5545320279691903,285.1073384414965,78.1125242891085,297.09379469338006,282.5355999330277,100464.91844737405,289.1694629830278,0.03938279062391827,-2.6060958573779542,-1.1495549273859422,239,67.54401414194024,6,17.8565200009947,318.8553065459237
2001-08-30,2001,8,AR,AR-W,89507.068,0.5545320279691903,290.8031536831158,81.74619670114753,301.072031165101,288.9090774961171,100321.64117322525,294.28083932134246,1.6836042520524572,-2.4381259018043617,-0.5037245935991762,239,67.54401414194024,6,17.8565200009947,318.8553065459237
2001-08-31,2001,8,AR,AR-W,89507.068,0.5545320279691903,292.9970068848033,86.27025528958019,299.1139968307466,293.11306833474634,100308.65209944984,295.50891707972545,29.780150961330314,-1.4952034574138544,0.6522258311395747,239,67.54401414194024,6,17.8565200009947,318.8553065459237
2001-09-01,2001,9,AR,AR-W,89507.068,0.558886963439052,291.78106621211344,88.90255067704872,297.6963064401374,290.2465517864577,100281.4238352011,293.8220220870413,26.97312829349012,0.35043965264458815,0.5588353687180232,239,67.54401414194024,6,17.8565200009947,318.8553065459237
2001-09-02,2001,9,AR,AR-W,89507.068,0.558886963439052,287.9681592962694,92.99640340420748,291.1398935197346,287.2030579590235,100621.5486106213,289.1242342946251,32.4620077680866,0.9178222962544218,3.3979800411518775,239,67.54401414194024,6,17.8565200009947,318.8553065459237
2001-09-03,2001,9,AR,AR-W,89507.068,0.558886963439052,288.5975515410121,91.51747265382629,292.8416471237197,288.54882073984373,100688.2499740155,290.04745808657043,8.730060435245662,0.850478544687369,2.3046883125057933,239,67.54401414194024,6,17.8565200009947,318.8553065459237
2001-09-04,2001,9,AR,AR-W,89507.068,0.558886963439052,287.50508839606726,89.92987890659465,290.468390776368,288.04380835224833,101218.6584259647,289.1870141140092,7.891934656257021,-1.7222780946255174,4.496064800912241,239,67.54401414194024,6,17.8565200009947,318.8553065459237
2001-09-05,2001,9,AR,AR-W,89507.068,0.558886963439052,285.7994566499008,81.67154634250491,291.4410361185587,287.1409953389759,101659.11455959153,288.97886753144587,2.3939130944580134,-4.260831506361182,4.109673908312315,239,67.54401414194024,6,17.8565200009947,318.8553065459237
2001-09-06,2001,9,AR,AR-W,89507.068,0.558886963439052,287.47866747156564,78.40319474128938,296.48509294700517,287.9759012362647,101173.97849068455,291.36508730263995,0.4885590975421452,-3.5294490068550863,0.5309581169490168,239,67.54401414194024,6,17.8565200009947,318.8553065459237
2001-09-07,2001,9,AR,AR-W,89507.068,0.558886963439052,291.6611769276826,84.83085234545244,299.1067432082518,291.7324748715829,100484.23770054417,294.4918320065561,9.978477536173683,-0.5524802795877545,-0.8421276967611924,239,67.54401414194024,6,17.8565200009947,318.8553065459237
2001-09-08,2001,9,AR,AR-W,89507.068,0.558886963439052,287.82508589365125,82.21854467894013,293.6458759891268,288.42923507785576,100605.85073679802,291.0482202783548,16.79647459374938,-1.4689818615424712,3.91485565587504,239,67.54401414194024,6,17.8565200009947,318.8553065459237
2001-09-09,2001,9,AR,AR-W,89507.068,0.558886963439052,284.44400199685765,73.35148056927265,291.49756693410967,286.84688727935117,100883.24509311706,289.3280025137115,3.4182509153233025,-1.8317822983540764,4.213458400465936,239,67.54401414194024,6,17.8565200009947,318.8553065459237
2001-09-10,2001,9,AR,AR-W,89507.068,0.558886963439052,281.2536508290905,64.99001658770231,294.0449660536214,284.0785980532737,101192.11912658875,288.3361099396323,0.5539282212986262,-1.6224323112083707,3.666139975645949,239,67.54401414194024,6,17.8565200009947,318.8553065459237
2001-09-11,2001,9,AR,AR-W,89507.068,0.558886963439052,282.37687494602284,69.43347302296952,295.8735292048056,281.7238522438012,101303.74127178051,288.5567040572279,-3.3527612686157227e-06,-0.5676371665698599,2.4235170691711567,239,67.54401414194024,6,17.8565200009947,318.8553065459237
2001-09-12,2001,9,AR,AR-W,89507.068,0.558886963439052,282.33501712776183,62.34460613787825,295.2340136511758,286.11427476872376,100730.39581631968,289.8438493593035,0.004193850876966469,-3.345984046558462,0.03439691898943407,239,67.54401414194024,6,17.8565200009947,318.8553065459237
2001-09-13,2001,9,AR,AR-W,89507.068,0.558886963439052,285.8153795402153,74.35298136036388,296.33025000818515,287.5267356577568,100266.51038194339,290.7501622740542,9.608391937094769,-0.4126446461959248,0.5566118803447667,239,67.54401414194024,6,17.8565200009947,318.8553065459237
2001-09-14,2001,9,AR,AR-W,89507.068,0.558886963439052,283.85184616557393,75.4505851496582,293.19777549892723,284.3650287026187,100685.46916319897,288.40653629827466,0.2997205552672187,1.9512370771145942,3.2162825018689647,239,67.54401414194024,6,17.8565200009947,318.8553065459237
2001-09-15,2001,9,AR,AR-W,89507.068,0.558886963439052,280.23411365574043,71.34084721068827,292.74395607947554,280.2407064458824,100910.2821912399,285.9787622533233,0.2455620995591119,3.127533248929091,2.6314594231684416,239,67.54401414194024,6,17.8565200009947,318.8553065459237
2001-09-16,2001,9,AR,AR-W,89507.068,0.558886963439052,275.2512403328316,61.24687456212374,286.3002121869789,278.9792413849187,101881.40561848534,282.6733660465989,0.0016439747240761854,1.1509123976988063,4.473596406859498,239,67.54401414194024,6,17.8565200009947,318.8553065459237
2001-09-17,2001,9,AR,AR-W,89507.068,0.558886963439052,276.5649977279202,62.393565312219295,291.1911356002082,277.8282444086113,101697.02632919686,284.0211223211014,-3.3527612686157227e-06,-2.752823746345271,-1.233636522128741,239,67.54401414194024,6,17.8565200009947,318.8553065459237
2001-09-18,2001,9,AR,AR-W,89507.068,0.558886963439052,280.366505482789,61.92297959077304,298.0281466176901,280.73090182700474,101135.27346209237,288.6196724568294,4.502332045218152e-05,-1.533522716609048,-2.7729645506775036,239,67.54401414194024,6,17.8565200009947,318.8553065459237
2001-09-19,2001,9,AR,AR-W,89507.068,0.558886963439052,284.430255281562,63.989013380319435,299.18912995260206,285.7087792862534,100790.5776229435,291.7295545729915,0.012533614711088456,-2.707282685104935,-1.4895206172413737,239,67.54401414194024,6,17.8565200009947,318.8553065459237
2001-09-20,2001,9,AR,AR-W,89507.068,0.558886963439052,287.24376404276217,65.84134854038386,303.0600549668763,287.2776334295506,100574.78480314,294.49895255758344,0.025814269641309732,-2.8838377762005076,-0.35766869896228304,239,67.54401414194024,6,17.8565200009947,318.8553065459237
2001-09-21,2001,9,AR,AR-W,89507.068,0.558886963439052,290.26477666044764,76.97576306392378,298.9658542140727,290.9291500094498,100703.57129109249,294.58993972440277,0.878048219583128,-2.075463158694413,-0.42297501325571996,239,67.54401414194024,6,17.8565200009947,318.8553065459237
2001-09-22,2001,9,AR,AR-W,89507.068,0.558886963439052,289.4766953884014,76.95370124528095,300.5336787593175,289.1675670633069,100641.8219184311,294.20445987896034,0.06489567289921767,-2.8231836507791512,-0.2413124053874026,239,67.54401414194024,6,17.8565200009947,318.8553065459237
2001-09-23,2001,9,AR,AR-W,89507.068,0.558886963439052,289.14057615773714,77.33452063966725,298.736822138378,287.85345110344093,100330.33554170131,293.4224739643387,0.059866431480795866,-2.569714381840362,-1.1178056899715496,239,67.54401414194024,6,17.8565200009947,318.8553065459237
2001-09-24,2001,9,AR,AR-W,89507.068,0.558886963439052,290.9478847709609,85.87217365944616,296.6862640462422,290.63946618301435,100098.54769118977,293.4952903920201,7.38278090370236,-1.8106296788313652,-0.5569952985059143,239,67.54401414194024,6,17.8565200009947,318.8553065459237
2001-09-25,2001,9,AR,AR-W,89507.068,0.558886963439052,290.5552399031458,87.81054693188055,296.04026365045075,290.0320047921279,100307.00559361449,292.714072606127,10.919630958493693,-1.7185105376227443,2.735246579880145,239,67.54401414194024,6,17.8565200009947,318.8553065459237
2001-09-26,2001,9,AR,AR-W,89507.068,0.558886963439052,285.61025623879567,80.15849831000058,292.3674873623477,286.06382850882125,100791.30886403455,289.14199998210654,3.4678872919053374,-3.352459344613535,3.912691689404212,239,67.54401414194024,6,17.8565200009947,318.8553065459237
2001-09-27,2001,9,AR,AR-W,89507.068,0.558886963439052,286.85730022428817,83.40600716948849,292.678350350845,287.4185702546004,100675.37030864871,289.71535409246644,9.335011125521422,-3.9474912959450177,1.312287793916641,239,67.54401414194024,6,17.8565200009947,318.8553065459237
2001-09-28,2001,9,AR,AR-W,89507.068,0.558886963439052,289.1233692426342,84.17701295312852,296.72193543828985,288.3637098192411,100663.3677371173,291.9820782318814,0.7304151503875556,-2.9729244766152076,2.389810926730342,239,67.54401414194024,6,17.8565200009947,318.8553065459237
2001-09-29,2001,9,AR,AR-W,89507.068,0.558886963439052,291.70634630283325,87.14113009669438,296.8901566003983,291.9128789111582,100388.51104872268,293.96165137787403,16.319024599940352,-4.263919454207998,-1.723687523630974,239,67.54401414194024,6,17.8565200009947,318.8553065459237
2001-09-30,2001,9,AR,AR-W,89507.068,0.558886963439052,292.65943677774993,87.47536174063306,298.61048395789334,292.35405916758987,99645.82121313922,294.90370309721743,63.204152878109596,-1.0866717261188057,-2.519855941608243,239,67.54401414194024,6,17.8565200009947,318.8553065459237
2001-10-01,2001,10,AR,AR-W,89507.068,0.5950977910258918,287.3902655842397,75.76229998819245,295.11933289552985,288.56351019581837,99731.80784136124,291.9749136916418,1.1484039131536046,5.925722605274271,0.038667532359549936,239,67.54401414194024,6,17.8565200009947,318.8553065459237
2001-10-02,2001,10,AR,AR-W,89507.068,0.5950977910258918,285.9636721945491,78.14238636425392,291.24203610384825,288.4390679858052,100166.05558187513,289.8395672629535,0.8491299462051051,6.83266618601987,3.0043006382855824,239,67.54401414194024,6,17.8565200009947,318.8553065459237
2001-10-03,2001,10,AR,AR-W,89507.068,0.5950977910258918,286.6190387761851,79.12113797238169,293.9199096250117,287.9915954169335,100671.8952026693,290.39210650815653,0.41233148376753925,3.4640396489463794,2.6487298454433743,239,67.54401414194024,6,17.8565200009947,318.8553065459237
2001-10-04,2001,10,AR,AR-W,89507.068,0.5950977910258918,287.43926881691726,80.49860264952841,295.32103027662754,287.44064652960105,100885.20836156044,291.04525957573713,0.5616417478920692,0.8309679141841964,1.7523912897729212,239,67.54401414194024,6,17.8565200009947,318.8553065459237
2001-10-05,2001,10,AR,AR-W,89507.068,0.5950977910258918,288.4183245298238,79.54622769383472,297.6853693448753,287.6865101090558,100997.48700870847,292.3796649861944,0.18464915115091315,-1.5886085836027968,1.8606158093785332,239,67.54401414194024,6,17.8565200009947,318.8553065459237
2001-10-06,2001,10,AR,AR-W,89507.068,0.5950977910258918,288.0666699460177,75.2378882437733,297.84607860884415,288.3738614851699,100765.78456672802,292.7828680125566,0.5871259805315974,-3.856370124658579,0.7458750057787129,239,67.54401414194024,6,17.8565200009947,318.8553065459237
2001-10-07,2001,10,AR,AR-W,89507.068,0.5950977910258918,290.57454868223084,87.10776619112158,295.39823193183906,290.8238100551571,99968.549896387,292.8253740479573,42.54665294044369,-5.100895877794122,-0.9669887633077002,239,67.54401414194024,6,17.8565200009947,318.8553065459237
2001-10-08,2001,10,AR,AR-W,89507.068,0.5950977910258918,288.55168706308586,80.3731005538871,295.1761649781397,289.54050335943833,99925.4048435922,292.3056308632827,22.44592916604775,5.047270332626318,-0.6301967635043414,239,67.54401414194024,6,17.8565200009947,318.8553065459237
2001-10-09,2001,10,AR,AR-W,89507.068,0.5950977910258918,285.47555628903024,68.85898161271639,296.7503758717258,287.62236307244643,100427.842036187,291.64412267840925,0.01385969989547811,4.644594342314786,-0.6664061489597115,239,67.54401414194024,6,17.8565200009947,318.8553065459237
2001-10-10,2001,10,AR,AR-W,89507.068,0.5950977910258918,286.6131365321173,71.49387434245543,299.2957631810271,285.367201358609,100616.50876858812,292.4642786392017,-8.381903171539307e-07,-0.8376476859317963,-0.10612691901618944,239,67.54401414194024,6,17.8565200009947,318.8553065459237
2001-10-11,2001,10,AR,AR-W,89507.068,0.5950977910258918,287.8767705950096,69.13347495773203,300.1772196308027,288.7765860723231,100979.67737442089,294.10815546142584,5.9815012385395304e-05,-2.5582986953118736,2.3263200231605814,239,67.54401414194024,6,17.8565200009947,318.8553065459237
2001-10-12,2001,10,AR,AR-W,89507.068,0.5950977910258918,288.7480244902468,68.19792872699132,301.2116618941768,290.4929063931464,101015.17974294888,295.17480213001926,0.0004097550391421618,-3.795804767885619,1.6638489543326058,239,67.54401414194024,6,17.8565200009947,318.8553065459237
2001-10-13,2001,10,AR,AR-W,89507.068,0.5950977910258918,289.2928052071743,70.899292524547,301.4148560086882,289.79757833257077,100988.06993804568,295.1077814312312,0.00030056879005349574,-3.6061535340105393,2.2523708836924836,239,67.54401414194024,6,17.8565200009947,318.8553065459237
2001-10-14,2001,10,AR,AR-W,89507.068,0.5950977910258918,291.688247315439,74.81358930871684,303.28489989744975,291.14744597596575,100656.68454751809,296.6835360145556,0.20454517118619517,-3.065714424704473,0.652901357088596,239,67.54401414194024,6,17.8565200009947,318.8553065459237
2001-10-15,2001,10,AR,AR-W,89507.068,0.5950977910258918,293.04831298657734,83.13463594709641,299.3493555074293,293.5229994022854,100452.97913101534,296.140779802803,16.478464468721643,-2.9594731971877284,0.1688503760581948,239,67.54401414194024,6,17.8565200009947,318.8553065459237
2001-10-16,2001,10,AR,AR-W,89507.068,0.5950977910258918,291.7437534041137,85.36464587759092,298.3170775877803,291.85489251116996,100545.08918509087,294.45350747114975,4.717349055755674,2.4283511904024855,1.3760273934520018,239,67.54401414194024,6,17.8565200009947,318.8553065459237
2001-10-17,2001,10,AR,AR-W,89507.068,0.5950977910258918,288.63512124260217,80.21822063072652,295.8271220914613,289.21695317223435,100507.87227580995,292.25613468118286,0.7034987948176437,2.4318786203142593,2.014918592426536,239,67.54401414194024,6,17.8565200009947,318.8553065459237
2001-10-18,2001,10,AR,AR-W,89507.068,0.5950977910258918,289.0359296568174,77.73650979580887,297.8253854224933,290.0179877179517,100358.00168458043,293.31606672676327,0.37224971445459504,0.6823243510564163,1.5319019412105106,239,67.54401414194024,6,17.8565200009947,318.8553065459237
2001-10-19,2001,10,AR,AR-W,89507.068,0.5950977910258918,289.18157900077125,72.81108579466422,301.6272913613397,287.72098659482066,100066.66193177598,294.90444262330624,0.0060673506054627875,-0.10107227327212379,0.8929134501103246,239,67.54401414194024,6,17.8565200009947,318.8553065459237
2001-10-20,2001,10,AR,AR-W,89507.068,0.5950977910258918,290.84023747968354,75.40742919035432,300.98218025379254,290.96112403840175,99945.05153920679,295.57028564463985,1.0922271834761954,-0.6335913706345183,0.5572567991501378,239,67.54401414194024,6,17.8565200009947,318.8553065459237
2001-10-21,2001,10,AR,AR-W,89507.068,0.5950977910258918,287.01545357085354,72.56718613123401,295.36221332598745,288.8280739020427,100505.98647556345,292.4779648141622,0.21127831818528292,1.5007307167456647,5.136818831632628,239,67.54401414194024,6,17.8565200009947,318.8553065459237
2001-10-22,2001,10,AR,AR-W,89507.068,0.5950977910258918,282.3884304042325,65.58538659771415,295.61481166929536,282.3108724471882,100770.7971311323,289.60174088926385,-8.381903171539307e-07,0.5951900429713003,2.3542910058934376,239,67.54401414194024,6,17.8565200009947,318.8553065459237
2001-10-23,2001,10,AR,AR-W,89507.068,0.5950977910258918,283.7410480716544,63.53851649055791,298.8385615794301,283.91257312092915,100690.28685753471,291.55909058367564,0.00048655128355277414,-2.543512843652358,-0.6923585643543724,239,67.54401414194024,6,17.8565200009947,318.8553065459237
2001-10-24,2001,10,AR,AR-W,89507.068,0.5950977910258918,285.9644106739014,53.45297479714199,304.1115169952223,289.6283768161483,100654.49158684182,296.3838157882641,0.004794932352037677,-3.1204184250982543,-1.8711330072680263,239,67.54401414194024,6,17.8565200009947,318.8553065459237
2001-10-25,2001,10,AR,AR-W,89507.068,0.5950977910258918,290.14500794283543,55.20989500497752,307.4183084907404,293.6145134092246,100442.96792499404,300.2839547977627,0.10402474607209175,-3.068066102772898,-3.4679826764530244,239,67.54401414194024,6,17.8565200009947,318.8553065459237
2001-10-26,2001,10,AR,AR-W,89507.068,0.5950977910258918,292.1140719619535,57.614152581667,306.9370265289376,296.57349500742777,100060.49470775855,301.5470759344262,0.2310049733964677,-2.453731550391951,-4.708860936071114,239,67.54401414194024,6,17.8565200009947,318.8553065459237
2001-10-27,2001,10,AR,AR-W,89507.068,0.5950977910258918,292.94537295605267,64.1519864837144,305.8188227883298,296.9898136612667,99826.59297905093,300.5791177819303,1.4160128329599704,-3.297500300380505,-2.8423488414678477,239,67.54401414194024,6,17.8565200009947,318.8553065459237
2001-10-28,2001,10,AR,AR-W,89507.068,0.5950977910258918,293.8650515269105,70.72434960116611,304.1305312244866,297.04988104850884,99839.22766683863,299.8510669205953,10.895065075979826,-1.4754840674465892,-2.75592038082299,239,67.54401414194024,6,17.8565200009947,318.8553065459237
2001-10-29,2001,10,AR,AR-W,89507.068,0.5950977910258918,293.92065978612396,92.52366389466295,297.79902167064506,293.26558047971656,100284.78704476185,295.2242352233657,52.405167565373596,-0.1064134894295454,1.301470744511462,239,67.54401414194024,6,17.8565200009947,318.8553065459237
2001-10-30,2001,10,AR,AR-W,89507.068,0.5950977910258918,288.035539986296,72.59413622487322,297.8265488632446,288.62397151574766,100786.63105878234,293.4984780905356,0.5558039091981923,1.494449833106536,3.8593008107284312,239,67.54401414194024,6,17.8565200009947,318.8553065459237
2001-10-31,2001,10,AR,AR-W,89507.068,0.5950977910258918,287.73350476145276,71.26106367070207,299.49633907148865,287.4718977285902,100887.8815819512,293.6162201560306,-2.9336661100387573e-06,-0.3932057309724225,2.3398846307927728,239,67.54401414194024,6,17.8565200009947,318.8553065459237
2001-11-01,2001,11,AR,AR-W,89507.068,0.6017540781884756,286.98297545900937,66.38453934406641,299.65765612863294,287.8010708579556,100817.99383959992,293.97750595844053,1.6763806343078613e-06,-2.3326499000003165,2.502349620185938,239,67.54401414194024,6,17.8565200009947,318.8553065459237
2001-11-02,2001,11,AR,AR-W,89507.068,0.6017540781884756,286.64655433324435,66.21872267373993,299.1810740034576,287.82957675274747,100782.13397855165,293.58416267544993,5.029141902923584e-06,-2.635954381033708,2.8030417509527017,239,67.54401414194024,6,17.8565200009947,318.8553065459237
2001-11-03,2001,11,AR,AR-W,89507.068,0.6017540781884756,286.5923503828832,66.13573024844342,299.37036976364243,288.18569816330603,100562.06048945399,293.5046912724199,8.381903171539307e-07,-2.937747507793584,1.7886288206093501,239,67.54401414194024,6,17.8565200009947,318.8553065459237
2001-11-04,2001,11,AR,AR-W,89507.068,0.6017540781884756,288.281765126641,68.90088004884036,301.3849995021703,288.08812100489246,100294.12748267394,294.7270587011025,0.011772835229932747,-0.912241281498419,1.2377197555828137,239,67.54401414194024,6,17.8565200009947,318.8553065459237
2001-11-05,2001,11,AR,AR-W,89507.068,0.6017540781884756,290.0998812110928,66.44210126813712,304.6706614074326,289.24757971245043,100030.80157145532,297.3657394538776,1.5978261168194105e-05,-1.2044749212498125,-2.616271322046258,239,67.54401414194024,6,17.8565200009947,318.8553065459237
2001-11-06,2001,11,AR,AR-W,89507.068,0.6017540781884756,293.1651695429546,72.22017378594705,304.5110599567439,294.12492832347647,99986.38969860831,298.78427641682185,7.6634337184487125,-1.2494347322799242,-2.23341758653248,239,67.54401414194024,6,17.8565200009947,318.8553065459237
2001-11-07,2001,11,AR,AR-W,89507.068,0.6017540781884756,293.2414185094133,90.4570931842037,297.3176496550711,292.85440328921663,100296.13993618036,294.9094900543688,23.789831897218797,-1.0050351410469913,3.078331614986602,239,67.54401414194024,6,17.8565200009947,318.8553065459237
2001-11-08,2001,11,AR,AR-W,89507.068,0.6017540781884756,291.19992261001715,79.49520094840413,299.077028251313,291.98302500272155,100772.7447105426,295.04223749992605,0.3650092489452324,-2.8685293851098677,3.862721339260205,239,67.54401414194024,6,17.8565200009947,318.8553065459237
2001-11-09,2001,11,AR,AR-W,89507.068,0.6017540781884756,293.01429553869355,76.72228346247701,304.1789469434875,292.7079487711274,100472.91205659405,297.46648340960985,4.234525799172033,-3.5674035050080675,-0.0883775583508328,239,67.54401414194024,6,17.8565200009947,318.8553065459237
2001-11-10,2001,11,AR,AR-W,89507.068,0.6017540781884756,295.05558944967675,86.00142944271882,300.2803832514804,294.5605712471931,99928.81147500666,297.6011613461908,38.09386604432244,0.280135157410446,-1.4591342408808312,239,67.54401414194024,6,17.8565200009947,318.8553065459237
2001-11-11,2001,11,AR,AR-W,89507.068,0.6017540781884756,288.1381964654361,68.17225704276059,301.0444991928583,288.85439342542503,100255.96919637553,295.3292056733527,3.3275801996863796,-1.704312653191213,2.000510740437111,239,67.54401414194024,6,17.8565200009947,318.8553065459237
2001-11-12,2001,11,AR,AR-W,89507.068,0.6017540781884756,288.0838634710509,63.22014032098617,302.5594502577214,288.7601576391233,100420.3828783891,295.90918217066684,-1.0896474123001099e-05,-3.2739138591598915,-0.08719831469873164,239,67.54401414194024,6,17.8565200009947,318.8553065459237
2001-11-13,2001,11,AR,AR-W,89507.068,0.6017540781884756,291.43706408004084,77.35827020475159,299.97395194567326,291.6001246511747,99934.60266057454,295.68170372553476,4.1639017357220505,-2.1234874229409333,-1.4350308980620456,239,67.54401414194024,6,17.8565200009947,318.8553065459237
2001-11-14,2001,11,AR,AR-W,89507.068,0.6017540781884756,292.0409555359846,84.77174720553089,298.40113780993687,292.07599867138595,99792.61586252553,294.8618601788645,9.856488675933578,-0.6160422156721649,1.6594202748776432,239,67.54401414194024,6,17.8565200009947,318.8553065459237
2001-11-15,2001,11,AR,AR-W,89507.068,0.6017540781884756,290.0931466158052,71.054481974556,301.51576926112494,290.19937143304827,100147.4268115794,296.04912343789584,0.08036817387823925,-1.2821519871169267,2.5146936800592177,239,67.54401414194024,6,17.8565200009947,318.8553065459237
2001-11-16,2001,11,AR,AR-W,89507.068,0.6017540781884756,287.98527709649176,68.01156035910469,298.50716017022825,290.26857404170187,100743.03444538993,294.3529256870636,0.01765757213317509,-1.0782338068244992,3.545557221097843,239,67.54401414194024,6,17.8565200009947,318.8553065459237
2001-11-17,2001,11,AR,AR-W,89507.068,0.6017540781884756,285.70678944119544,61.355486010067935,300.92975531673943,286.16628690283346,100844.61573701144,293.9339201477959,-8.381903171539307e-07,-2.106156616179926,1.2567860903529522,239,67.54401414194024,6,17.8565200009947,318.8553065459237
2001-11-18,2001,11,AR,AR-W,89507.068,0.6017540781884756,287.7646784484759,61.51366846013045,304.2524973998523,287.750032454267,100491.18357797373,296.39630075477237,0.0003318000788838974,-2.5786452292156947,-0.3430029937151901,239,67.54401414194024,6,17.8565200009947,318.8553065459237
2001-11-19,2001,11,AR,AR-W,89507.068,0.6017540781884756,288.62088405017556,59.11059531542535,305.28698045694676,291.29846337768106,100419.23310037043,297.7642225199911,0.7265448321365918,-2.754068070479113,0.15990020074783318,239,67.54401414194024,6,17.8565200009947,318.8553065459237
2001-11-20,2001,11,AR,AR-W,89507.068,0.6017540781884756,291.4838754121838,62.449826025540766,307.1205807920517,291.64539037229696,100048.52193179452,299.55434446317264,0.05119900858738738,-2.211104206215593,-2.3902959453384844,239,67.54401414194024,6,17.8565200009947,318.8553065459237
2001-11-21,2001,11,AR,AR-W,89507.068,0.6017540781884756,294.9147596971548,79.3639821622919,302.39791510873613,295.75793298706685,100090.40712117468,298.84524172448556,4.6241377693992405,-1.6986012084152604,-0.5040653921361911,239,67.54401414194024,6,17.8565200009947,318.8553065459237
2001-11-22,2001,11,AR,AR-W,89507.068,0.6017540781884756,294.8414363590336,77.18042920217468,306.56867533896326,293.5738660025399,100243.93350837255,299.6415042241679,0.5436613515896476,-1.1290085851091198,0.13982731861577816,239,67.54401414194024,6,17.8565200009947,318.8553065459237
2001-11-23,2001,11,AR,AR-W,89507.068,0.6017540781884756,295.919156538475,66.75885199086545,309.78181928143107,297.0160433529123,99551.27407365471,303.17055698844956,0.2775232528509537,-1.7607129504428995,-3.6780202825965627,239,67.54401414194024,6,17.8565200009947,318.8553065459237
2001-11-24,2001,11,AR,AR-W,89507.068,0.6017540781884756,293.0938935370189,82.04828670683598,303.5321903263877,289.89599465822573,99883.80960018295,296.4817635502832,32.3268612817637,-0.5462610221752691,2.7494783988307105,239,67.54401414194024,6,17.8565200009947,318.8553065459237
2001-11-25,2001,11,AR,AR-W,89507.068,0.6017540781884756,286.8802333985172,80.1595323439852,293.6875622504578,287.8011564837149,100724.30478517362,290.4009873200505,11.170538458192961,-3.757530524893952,4.63721935524753,239,67.54401414194024,6,17.8565200009947,318.8553065459237
2001-11-26,2001,11,AR,AR-W,89507.068,0.6017540781884756,291.6656996990995,84.13661810197242,299.5546579648135,291.2123205406178,100441.10695891117,294.5523456723698,8.032504926383542,-0.7393815863131954,1.5651964472031843,239,67.54401414194024,6,17.8565200009947,318.8553065459237
2001-11-27,2001,11,AR,AR-W,89507.068,0.6017540781884756,292.92260340258827,83.60829896179905,300.362360939388,292.85904171549373,100458.9367800918,296.0377189707373,6.486746049964842,-1.2525177262072944,2.603630013566986,239,67.54401414194024,6,17.8565200009947,318.8553065459237
2001-11-28,2001,11,AR,AR-W,89507.068,0.6017540781884756,292.59941654530434,76.31112494031896,301.56344773782536,293.3689930260999,100269.3817257936,297.17597278554854,2.0664309191407395,-2.1780526674175404,2.024217347326446,239,67.54401414194024,6,17.8565200009947,318.8553065459237
2001-11-29,2001,11,AR,AR-W,89507.068,0.6017540781884756,289.3163095496786,68.71625701776611,299.78556885990884,291.4217976239738,100307.37681380664,295.6662528399454,0.13334006356234593,-1.3741471137500343,3.804297593254908,239,67.54401414194024,6,17.8565200009947,318.8553065459237
2001-11-30,2001,11,AR,AR-W,89507.068,0.6017540781884756,285.5400647143396,70.30277981712099,294.63709430997034,287.7366829650266,100371.31629280005,291.4137521684754,3.724430989297715,2.9471548464417605,5.181956021379475,239,67.54401414194024,6,17.8565200009947,318.8553065459237
2001-12-01,2001,12,AR,AR-W,89507.068,0.6160717039425337,285.4183564539256,69.32868046679383,298.229515183076,285.25684552034926,100227.78901238715,291.5224784528896,0.03868987384256287,0.975202736661547,1.6391173354423318,239,67.54401414194024,6,17.8565200009947,318.8553065459237
2001-12-02,2001,12,AR,AR-W,89507.068,0.6160717039425337,287.81542237665764,66.97816769160337,301.38337182610655,287.3158442005661,100400.47663836523,294.8971697218296,0.06932145714029234,-1.9374278980539208,-0.6964958697714984,239,67.54401414194024,6,17.8565200009947,318.8553065459237
2001-12-03,2001,12,AR,AR-W,89507.068,0.6160717039425337,289.8442560395187,78.19558561113816,296.84776003006596,291.6440201616771,100544.57238615098,293.87980092780396,6.996935463284272,-1.8877209602402285,1.704574014147228,239,67.54401414194024,6,17.8565200009947,318.8553065459237
2001-12-04,2001,12,AR,AR-W,89507.068,0.6160717039425337,290.8145713962482,85.08656389498327,296.8892224900843,290.89019401737426,100542.90571128685,293.52035587258894,3.5192030851657914,-0.40741431450724136,2.730301343043073,239,67.54401414194024,6,17.8565200009947,318.8553065459237
2001-12-05,2001,12,AR,AR-W,89507.068,0.6160717039425337,291.34093246555096,80.0682882245229,300.0811288453778,290.47137946174007,100327.03644503176,295.2374421597915,0.8512239733480446,0.9304589371531518,3.500404659915991,239,67.54401414194024,6,17.8565200009947,318.8553065459237
2001-12-06,2001,12,AR,AR-W,89507.068,0.6160717039425337,291.1451447408656,74.75873608991674,301.33417382613857,290.33745610703323,100288.37856682828,296.1836238162579,0.0690817800615718,0.11717033449468935,2.2013262641000124,239,67.54401414194024,6,17.8565200009947,318.8553065459237
2001-12-07,2001,12,AR,AR-W,89507.068,0.6160717039425337,291.3621984333297,68.31425682592285,304.9251797499308,291.13770529682483,100097.95600509662,298.2849943003885,0.0,-1.4332420853783423,-0.9276709570711359,239,67.54401414194024,6,17.8565200009947,318.8553065459237
2001-12-08,2001,12,AR,AR-W,89507.068,0.6160717039425337,288.6943052187309,69.76428464360946,298.7755690033889,291.1473437836767,100586.01357965346,294.69542925234754,1.5042750075506603,-0.7629779220599135,4.571557175470955,239,67.54401414194024,6,17.8565200009947,318.8553065459237
2001-12-09,2001,12,AR,AR-W,89507.068,0.6160717039425337,283.01806152419874,57.013843542335444,298.7658438141345,285.39534039901497,100684.89074146592,292.21509010734997,0.0,-1.9366165146009506,2.6273858160047783,239,67.54401414194024,6,17.8565200009947,318.8553065459237
2001-12-10,2001,12,AR,AR-W,89507.068,0.6160717039425337,288.07227394542167,64.87858954327376,303.00790808289617,288.64213280253824,100408.70599326442,295.31684214367726,0.06485756523382806,-2.455416367938584,1.5577441464246462,239,67.54401414194024,6,17.8565200009947,318.8553065459237
2001-12-11,2001,12,AR,AR-W,89507.068,0.6160717039425337,292.06107381934055,67.61105176813196,305.6851784772443,293.62963448583554,100398.88587031163,298.75193953011393,1.7043541859780735,-2.590896891681699,0.6192607001855115,239,67.54401414194024,6,17.8565200009947,318.8553065459237
2001-12-12,2001,12,AR,AR-W,89507.068,0.6160717039425337,293.9047427974091,75.43351323138782,302.7576411524174,294.7125301344091,100238.36154702066,298.70413870034616,6.0408375487707255,-1.4980255316677644,0.01682811390616074,239,67.54401414194024,6,17.8565200009947,318.8553065459237
2001-12-13,2001,12,AR,AR-W,89507.068,0.6160717039425337,294.937853888448,79.53021725683766,305.8079630065617,293.59426435269035,99917.76264305357,299.10906642209864,3.752881292015992,-1.1726139574267695,0.7532833174606495,239,67.54401414194024,6,17.8565200009947,318.8553065459237
2001-12-14,2001,12,AR,AR-W,89507.068,0.6160717039425337,294.30165751974283,74.78525526432294,304.1488553037154,295.07777061944995,99915.71512679476,299.4397681627604,3.2271175771712053,-2.6507399129514964,1.9109465993271308,239,67.54401414194024,6,17.8565200009947,318.8553065459237
2001-12-15,2001,12,AR,AR-W,89507.068,0.6160717039425337,291.4185875823932,67.54433228822346,302.3507962336469,294.53450423832726,100349.69772046867,298.16101878619827,0.03385485745430993,-2.63146037151137,3.9540608612893613,239,67.54401414194024,6,17.8565200009947,318.8553065459237
2001-12-16,2001,12,AR,AR-W,89507.068,0.6160717039425337,288.84239269912933,63.331289654035444,302.52591049775225,289.9471872602384,100375.37754090689,296.67793429259655,5.6448535999337275e-06,-1.032629149673939,2.745887522017891,239,67.54401414194024,6,17.8565200009947,318.8553065459237
2001-12-17,2001,12,AR,AR-W,89507.068,0.6160717039425337,288.9819602887009,60.703639655991054,304.53243632123156,290.19388250486975,100108.5020548587,298.0228234844068,4.190951585769653e-06,0.6528404588605499,1.976871336064713,239,67.54401414194024,6,17.8565200009947,318.8553065459237
2001-12-18,2001,12,AR,AR-W,89507.068,0.6160717039425337,290.5985400344949,61.820754732108284,306.3577829582882,291.9073489744744,99953.20991946677,299.2949489931769,3.259237111145791e-05,0.44941078950389884,1.1358169255604615,239,67.54401414194024,6,17.8565200009947,318.8553065459237
2001-12-19,2001,12,AR,AR-W,89507.068,0.6160717039425337,291.9078528054246,57.75365540137783,308.9389320396644,294.98935258791374,99981.62599993694,301.692867415219,0.0606898318733003,-0.9227021672245354,-0.7513016973183337,239,67.54401414194024,6,17.8565200009947,318.8553065459237
2001-12-20,2001,12,AR,AR-W,89507.068,0.6160717039425337,293.81264967334135,61.232495152853076,308.73031547606644,296.96525363930044,100003.82264042732,302.52373949841495,1.296623926002406,-0.8987599971564847,0.03191092721178115,239,67.54401414194024,6,17.8565200009947,318.8553065459237
2001-12-21,2001,12,AR,AR-W,89507.068,0.6160717039425337,293.4210651295975,75.5970443194913,303.70933901202307,294.6723595981877,99814.713720619,298.3005101189813,7.113295009737457,-0.3151761669568332,1.0341839382267082,239,67.54401414194024,6,17.8565200009947,318.8553065459237
2001-12-22,2001,12,AR,AR-W,89507.068,0.6160717039425337,289.4307747954334,69.29837640248772,301.1493536979801,291.7069130403777,100335.1126557674,296.0490074250606,0.16302652457624878,0.06207848633056018,5.473800228392138,239,67.54401414194024,6,17.8565200009947,318.8553065459237
2001-12-23,2001,12,AR,AR-W,89507.068,0.6160717039425337,285.44657507620735,54.9414246933174,301.8936830065119,288.6530470399765,100943.45065671027,295.82232948589143,-8.381903171539307e-07,-1.5528667288395221,2.6455515800504705,239,67.54401414194024,6,17.8565200009947,318.8553065459237
2001-12-24,2001,12,AR,AR-W,89507.068,0.6160717039425337,286.77357147682613,53.99433550755029,303.7305358961033,289.90758219822754,101031.90109510491,297.129217423445,3.9935634164095926e-06,-3.4520255532479656,1.0057531415193117,239,67.54401414194024,6,17.8565200009947,318.8553065459237
2001-12-25,2001,12,AR,AR-W,89507.068,0.6160717039425337,289.292246725707,55.78946737066248,306.0343611218156,292.278103222082,100790.03613878659,299.3049182469299,0.05589032730932505,-3.291572126596254,0.2880774637047603,239,67.54401414194024,6,17.8565200009947,318.8553065459237
2001-12-26,2001,12,AR,AR-W,89507.068,0.6160717039425337,291.09130880219084,55.87338395533734,306.9082245309866,294.83017029943227,100455.90987598922,301.21410594672153,0.052531587817657655,-2.4893150242078583,-1.030458091314227,239,67.54401414194024,6,17.8565200009947,318.8553065459237
2001-12-27,2001,12,AR,AR-W,89507.068,0.6160717039425337,292.1918188254707,59.83976330090759,307.58743739718585,295.5030428900064,100215.35089200865,301.1581757340371,1.2114589845350894,-1.1583794073600584,-0.9692480676621774,239,67.54401414194024,6,17.8565200009947,318.8553065459237
2001-12-28,2001,12,AR,AR-W,89507.068,0.6160717039425337,292.79382250448725,63.084941108303646,307.15780093714204,295.94695480681065,100211.69211362994,301.0431742030651,0.9012723241299838,-1.0741308257200588,0.9033517205498389,239,67.54401414194024,6,17.8565200009947,318.8553065459237
2001-12-29,2001,12,AR,AR-W,89507.068,0.6160717039425337,293.07486183405297,61.73477386833133,307.7350300766618,295.07130967822326,100175.97404548948,301.5865359948935,0.20042727706897345,-2.033480690473926,0.3510714422829762,239,67.54401414194024,6,17.8565200009947,318.8553065459237
2001-12-30,2001,12,AR,AR-W,89507.068,0.6160717039425337,293.03878499703006,59.10195269807176,307.7679269700815,296.6207963427248,99973.89442035208,302.11762901614736,0.7494710929204583,-1.4258404684748593,0.7276888933195814,239,67.54401414194024,6,17.8565200009947,318.8553065459237
2001-12-31,2001,12,AR,AR-W,89507.068,0.6160717039425337,292.57793559508116,63.76750919878198,306.05256287969604,296.30549547268265,99723.37509071351,300.7216886731204,0.9289512393087085,2.5787390517428763,2.5737091032381048,239,67.54401414194024,6,17.8565200009947,318.8553065459237
